FeatName,log2_expression
AOSC1103,0.02620284920159036
AOSC403,0.1593892525172388
AOSC477,0.09423234625436672
AOSC568,0.05120804977914073
AOSC658,0.33876894067460517
AOSC786,0.18118535406114017
AOSC1108,0.09743538942905153
AOSC414,0.13761358438645935
AOSC486,0.03175466168588722
AOSC580,0.022640145128337997
AOSC663,0.10248652287152964
AOSC792,0.17912619004002373
AOSC1120,-0.06791220654567778
AOSC422,0.051067917773273824
AOSC492,0.086055885903035
AOSC587,0.09397670431491156
AOSC681,0.1271407979131672
AOSC807,
AOSB1012,0.2220148301663299
AOSB1138,0.17017095371864044
AOSB551,0.2697999520847018
AOSB711,0.09940349718714848
AOSB865,0.24972887992091466
AOSC1020,0.25103685040324186
AOSB1028,0.15512588059856688
AOSB399,0.027012047557557775
AOSB564,0.045000546000725096
AOSB741,0.5462160937525335
AOSB875,0.12250351908037811
AOSC1050,0.08901470226551096
AOSB1061,0.16183814369576163
AOSB406,0.06604007010777886
AOSB586,0.09518688856497864
AOSB760,0.18306533697759406
AOSB913,0.15252472446167523
AOSC1056,0.11285866522977288
AOSC1098,0.2614502903865151
AOSC401,0.24532711234948004
AOSC475,0.04907252308973554
AOSC567,0.057337406965287434
AOSC638,0.21769562855160954
AOSC785,-0.21477144343497764
AOSC1104,0.16152010139220438
AOSC409,0.09429522198041967
AOSC481,0.1773904156843398
AOSC571,0.24984027684820506
AOSC661,0.21059456353377737
AOSC790,0.20629901978339815
AOSC1115,0.2177797235376506
AOSC420,0.04582707419974051
AOSC490,0.03895882421292931
AOSC584,0.1131125071981203
AOSC675,0.2911771078012649
AOSC797,0.3328335773452415
AOSB1002,0.24498423756603108
AOSB1137,0.2109813656189873
AOSB540,0.24618744193257447
AOSB694,0.19832546970074394
AOSB861,0.23078052587427988
AOSC1015,0.22723934603342288
AOSB1020,0.24554410575715657
AOSB392,0.15822610441399831
AOSB563,0.1612678067626935
AOSB717,0.20831998393874512
AOSB874,0.21746839065096346
AOSC1032,0.26727600920119954
AOSB1050,0.15631075571504288
AOSB404,-0.03196681770061076
AOSB574,0.2945131355900311
AOSB745,0.25284723264318926
AOSB892,0.20418938590882488
AOSC1054,0.18789424825254022
AOSC1123,0.8350725453252209
AOSC436,0.061811028326752844
AOSC499,0.16651496420127826
AOSC596,0.13674799618388248
AOSC708,0.11767779247468046
AOSC820,0.21258637213161266
AOSF1405,0.12927886816688977
AOSF1439,0.10501797838429275
AOSF1470,0.0726429171035739
AOSF1493,0.38486516105872043
AOSF1521,0.4775469197926698
AOSF410,0.10732742157497689
AOSF1408,0.1617103389394502
AOSF1445,0.20066628257637364
AOSF1473,0.22371865440279037
AOSF1497,0.06681804445144873
AOSF1524,0.14112544241509145
AOSF415,0.08590228642755389
AOSB1073,0.24070449156510362
AOSB437,0.04299420156802574
AOSB594,0.24016010613053482
AOSB764,0.14294885746760305
AOSB923,0.188251807786503
AOSC1063,0.14987934814680243
AOSF1273,0.11636048380254385
AOSF1292,0.04893176753549081
AOSF1315,0.04865326596085154
AOSF1338,0.0862089648010831
AOSF1361,0.8154966063782918
AOSF1385,0.03542623452306657
AOSF1276,0.10269983540496262
AOSF1295,0.13335528837877839
AOSF1317,0.03472738542341702
AOSF1343,0.12508175646425787
AOSF1364,0.2042640108183465
AOSF1388,0.10219993560965855
AOSC1122,0.21598912370220308
AOSC433,0.10863620085760836
AOSC495,0.04312840743481152
AOSC588,
AOSC689,0.18440456891819662
AOSC809,0.15745171531700836
AOSF1404,0.07009373328683192
AOSF1437,0.056020321981867474
AOSF1467,0.056279937562166656
AOSF1492,0.09330261906857465
AOSF1520,0.16295480596296102
AOSF404,0.1958416459466552
AOSF1406,0.09073421365061399
AOSF1442,0.11122023073040002
AOSF1472,0.053558765855677135
AOSF1494,0.10369180387818902
AOSF1522,0.13037196864391373
AOSF412,0.16133291680984985
AOSB1072,0.3983096299475495
AOSB407,0.1363159608141588
AOSB589,0.09050368029636761
AOSB763,0.13808781553378463
AOSB919,0.14747408811285814
AOSC1059,0.17185902603586933
AOSF1272,-0.016278208921766967
AOSF1291,0.06378103111758147
AOSF1314,0.0799380612848691
AOSF1337,0.06436849317184766
AOSF1359,0.08300403556146789
AOSF1384,0.05377458474903414
AOSF1275,0.05228134703890255
AOSF1294,-0.05377403619354615
AOSF1316,0.13153920954991782
AOSF1341,-0.005671054192171455
AOSF1363,0.08716616069101865
AOSF1387,0.08416592536859677
AOSF1416,0.29674444840638675
AOSF1451,0.0761828157820608
AOSF1475,0.12657863991556534
AOSF1499,0.08704841906829507
AOSF1528,0.19387727228871923
AOSF420,0.1077403505987826
AOSF1420,0.12739669057964648
AOSF1453,0.00010661836679786808
AOSF1477,0.08332131347375976
AOSF1501,0.12128419850781945
AOSF1531,0.01108638560406752
AOSF428,0.06442071534755797
CAON1200,0.09618346287766318
CAON1273,0.061196781067462944
CAON1349,
CAON1412,0.14058230237098826
CAON1502,0.07830759200917106
CAON1605,0.07623926564648398
AOSF1278,0.0007297371903800792
AOSF1298,0.07312274847117348
AOSF1319,0.02026532637866447
AOSF1346,0.02898859370575521
AOSF1366,0.06740923395415588
AOSF1392,-0.010839476668016814
AOSF1280,0.050891667691335934
AOSF1300,0.06952198429269149
AOSF1322,-0.026552160753102332
AOSF1348,0.030068187584976425
AOSF1370,0.06342676715316568
AOSF1395,0.04922701698915473
AOSF866,-0.02780548463851807
AOSF911,-0.0616150745790448
AOSF956,0.0546920059625169
AOSF993,0.014304368625998546
CAON1062,0.023272363850132007
CAON1109,0.1430032409329209
AOSF1409,0.23748503836102627
AOSF1447,0.1145501430137669
AOSF1474,0.047358635306789965
AOSF1498,0.16483846234360092
AOSF1525,0.225588660262982
AOSF419,0.09499226105386292
AOSF1418,0.1273920970423094
AOSF1452,0.10102985016024994
AOSF1476,-0.07544448698332609
AOSF1500,0.07990282803208183
AOSF1530,0.07454914304715032
AOSF427,0.09392351225646045
CAON1197,0.0824149352213815
CAON1268,0.058962658187213045
CAON1341,0.09383068531654927
CAON1411,-0.06960847915498981
CAON1500,0.06530163154925553
CAON1599,0.10855835872973107
AOSF1277,0.13453410533552848
AOSF1296,0.2443958317191656
AOSF1318,-0.04191381698977091
AOSF1344,0.28487711738220706
AOSF1365,0.05705492175973637
AOSF1389,0.14983283405387196
AOSF1279,0.24071864864741155
AOSF1299,0.269942319402457
AOSF1321,0.13521029110848884
AOSF1347,0.2174883274304412
AOSF1368,0.11896933561739714
AOSF1394,0.08740385688876194
AOSF861,-0.04422581419967903
AOSF907,-0.04093445557603275
AOSF946,0.02628766048359608
AOSF988,0.02650888930406697
CAON1056,0.13900523045135135
CAON1106,0.11974309900681311
CAON1207,-0.015091707388363703
CAON1295,-0.10513582335251742
CAON1353,0.05185608327231567
CAON1418,-0.01868220764327754
CAON1521,
CAON1610,0.018921515947792275
CAON1210,-0.11870862212427921
CAON1301,0.022745851190444734
CAON1369,-0.021828600353298856
CAON1421,-0.10096587855465364
CAON1533,0.02577615774723654
CAON1625,0.05856200051757336
CAON1217,
CAON1307,-0.04265451285705422
CAON1372,-0.060885034909886414
CAON1441,0.06632736543432877
CAON1556,0.4391667410656823
CAON1632,-0.012592777527908397
AOSF869,-0.034631855071019416
AOSF913,-0.0194870962309187
AOSF962,0.010097312177263425
AOSF997,1.2805560951468502
CAON1066,0.19360606707266853
CAON1112,-0.030661567751404935
AOSF876,-0.014599917283443502
AOSF917,0.048593524826320456
AOSF965,0.03484462700346449
CAON1009,-0.08696154989820101
CAON1071,0.04206642217256865
CAON1123,
AOSF878,-0.0805020691709261
AOSF921,-0.0874506485136313
AOSF969,0.02992391703580742
CAON1013,0.02149129290480189
CAON1082,0.12009130236261253
CAON1131,0.14702852131390134
CAON1202,0.05139734660058128
CAON1282,0.05361854912338328
CAON1351,-0.00024329138993605325
CAON1415,-0.1553768485426731
CAON1503,0.12686992929301424
CAON1606,0.11068264546304618
CAON1209,0.10991152395289625
CAON1300,0.16055711991725477
CAON1363,0.059181271078810466
CAON1420,0.03581818836326654
CAON1525,0.1780513406260282
CAON1616,-0.16806480625921205
CAON1213,0.017460658221130878
CAON1304,0.026464014599898306
CAON1370,0.1796049183064074
CAON1428,0.06575126060881509
CAON1547,0.322136537477426
CAON1631,-0.005000719947055159
AOSF868,0.21814606001088022
AOSF912,0.029511210157205234
AOSF961,0.08501498058764913
AOSF996,0.11230866555074444
CAON1064,0.15346421178194683
CAON1111,0.025622558785624916
AOSF874,0.04468970766272329
AOSF914,0.007369835150204288
AOSF964,-0.5164071654984006
CAON1001,0.25536400518135693
CAON1067,0.12155429967428358
CAON1120,0.13172101082343557
AOSF877,-0.014771154748641189
AOSF919,-0.051828640260951256
AOSF966,-0.2191746248595176
CAON1010,-0.01773294028852308
CAON1074,-0.020819072761332855
CAON1128,
CAOO493,0.12487018473224307
CAOO620,-0.05362006970186597
CAOO736,
CAOO888,0.08488698034405973
CAOO513,0.2948828424885352
CAOO633,0.12750974695346656
CAOO746,0.04203024972573633
CAOO906,0.04560341109999204
CAOO526,0.06075441373835049
CAOO642,0.10064895650553578
CAOO755,
CAOO931,0.05703941105389739
CAON994,0.09683976851613509
CAOO1123,0.02518298961193467
CAOO2078,0.032926230413941465
CAOO2246,0.05094976555371637
CAOO2426,0.09007110513477783
CAOO2600,-0.009489021909082023
CAON999,0.0010169564723793282
CAOO1139,0.1532404296576126
CAOO2097,0.3895037531578046
CAOO2259,-0.17943747082894532
CAOO2452,0.08372586551229412
CAOO2671,0.15407269087561978
CAOO1045,0.0902438901998177
CAOO1931,0.2943511347895327
CAOO2139,-0.017743895703056664
CAOO2278,0.15763352004503323
CAOO2473,0.13972109203640198
CAOO396,0.1743813649606908
CAOO487,0.2553881268863019
CAOO618,-0.13445982595345338
CAOO732,
CAOO887,0.10151079443176449
CAOO932,0.09305598501861669
CAOO498,-0.060784838410282545
CAOO626,0.16152052583694895
CAOO739,0.10526667949127515
CAOO902,0.07475217573231575
CAOO517,0.17770760593700327
CAOO636,
CAOO750,0.06164477767425021
CAOO916,0.10477414306596702
CAON993,0.2754301028453573
CAOO1119,0.175884709437275
CAOO2069,-0.07197032114314444
CAOO2244,0.07736257947450617
CAOO2411,
CAOO2593,
CAON996,
CAOO1134,0.16297577285626116
CAOO2084,0.1377913438099502
CAOO2250,0.19683676230659458
CAOO2436,0.003737213979620286
CAOO2639,0.11752098428963326
CAOO1015,-0.07248772978659089
CAOO1922,0.013373742691792733
CAOO2117,0.009314134821548236
CAOO2270,0.005553309599831701
CAOO2453,0.04324312281629519
CAOO387,0.14319120062187934
CAOO541,-0.06796871115435531
CAOO667,0.08606084260894764
CAOO788,-0.03334606751434649
AOSF1134,-0.4692988207914968
AOSF1109,-0.035726152461485694
AOSF1083,0.22798500523639628
AOSF1040,0.15514749059318636
AOSF1011,0.13517050954229773
AOSC944,0.23493345417069236
AOSF1131,-0.16700267891451465
AOSF1105,0.5366653402820643
AOSF1081,0.41579065457731074
AOSF1034,0.2558581396317768
AOSF1009,0.2729235296692995
AOSC914,0.06951449061575038
CAOO1054,0.06071916102418945
CAOO1963,0.036650637389146146
CAOO2198,0.03812081275397141
CAOO2308,0.13561851130325636
CAOO2479,0.06797504225714358
CAOO413,0.041124452165668804
AOSF1270,0.4928363284077504
AOSF1246,0.2610082470352014
AOSF1222,0.8628276461919566
AOSF1199,-0.09088260509476155
AOSF1178,0.3614160270376805
AOSF1156,0.44559964107844074
AOSF1268,0.5968817110467642
AOSF1242,0.27413563181455197
AOSF1220,0.3153820784396258
AOSF1197,0.2776245939795537
AOSF1175,0.19612741406895412
AOSF1154,0.283455182333761
CAOO532,0.42170934445793534
CAOO655,0.1553542583862319
CAOO773,0.4970477057989364
AOSF1135,0.24229698536791572
AOSF1110,0.20056387939823536
AOSF1084,0.07845896517832619
AOSF1042,0.17624024537166894
AOSF1012,0.4847609008191834
AOSC952,0.728757060037284
AOSF1133,0.3373395272239231
AOSF1106,0.29621167049078795
AOSF1082,0.44670113552889934
AOSF1036,0.18780029387549219
AOSF1010,0.23495610843531595
AOSC931,0.18908789059324066
CAOO1050,0.06841289787090767
CAOO1946,0.027969014490025132
CAOO2168,0.1227177709671722
CAOO2290,0.027486438190311113
CAOO2477,-0.11416748038427775
CAOO410,0.2156498829411795
AOSF1271,0.4264869854936046
AOSF1247,0.16885138451918696
AOSF1224,0.4577152440489013
AOSF1200,0.16173903531152384
AOSF1180,0.10226444076556529
AOSF1157,0.22142940321797627
AOSF1269,0.17021276858342546
AOSF1245,0.34049626868570865
AOSF1221,0.1274922940187881
AOSF1198,0.20037457608890802
AOSF1176,-0.03221255951202319
AOSF1155,0.16260512180118525
AOSF1128,0.31452636341138973
AOSF1100,0.30503330697374953
AOSF1079,0.3078967749362917
AOSF1028,0.27652722523710743
AOSF1006,0.21963407408633348
AOSC908,0.21871160885061727
AOSF1125,0.16257602279605488
AOSF1097,0.1956275675851835
AOSF1075,0.10753861552361986
AOSF1024,-0.20064645495680208
AOSF1003,0.17248273765445968
AOSC890,0.24712911767021525
AOSF648,0.3823684923058093
AOSF626,0.2661717458481007
AOSF604,0.3278581841812768
AOSF568,0.1578386234960878
AOSF544,0.21572145347926133
AOSF499,0.20447274723134354
AOSF1266,0.16246968423139943
AOSF1238,0.47981693294273464
AOSF1218,0.22329351487704854
AOSF1195,0.4041856218227297
AOSF1173,0.23024568449848748
AOSF1151,0.1630789715564609
AOSF1264,0.3109371721747413
AOSF1236,0.29540652957721836
AOSF1216,0.08892605308522182
AOSF1192,-0.18390404794409917
AOSF1171,0.12858082929678855
AOSF1147,0.12847816798157438
AOSF858,0.2885275576252393
AOSF824,0.5762237407783235
AOSF797,0.2983257090380181
AOSF765,0.278164732036061
AOSF731,-0.1500614218578515
AOSF689,0.19544450203499747
AOSF1129,0.5684294946272859
AOSF1104,0.2607550832845514
AOSF1080,0.2409932358153016
AOSF1031,0.11671534292126527
AOSF1007,1.3372030280106337
AOSC911,0.2729027735450649
AOSF1127,0.1350727394825612
AOSF1099,0.40153993854555503
AOSF1077,0.3589530690045381
AOSF1025,0.15153503798277668
AOSF1004,0.17932199464082083
AOSC896,0.24372294860481325
AOSF649,0.08308038970000704
AOSF628,0.04523517804500793
AOSF605,-0.023346593897875127
AOSF569,-0.0016924855215883319
AOSF545,0.1340028967139045
AOSF502,0.005983634360407035
AOSF1267,0.19151615887176776
AOSF1240,0.19788926906333537
AOSF1219,0.176036178782319
AOSF1196,0.19729692001740334
AOSF1174,0.0662767086941915
AOSF1152,0.16423715007009468
AOSF1265,0.2847226465404792
AOSF1237,0.17479944069959746
AOSF1217,0.22527123619004147
AOSF1193,0.1633414606923745
AOSF1172,-0.009763350291375449
AOSF1150,0.016495701055329076
AOSF860,0.3279884637718614
AOSF825,0.11466695402183688
AOSF798,0.08697273199218886
AOSF771,0.1067652145404608
AOSF733,0.10939136599333904
AOSF695,0.20213666554967671
AOSF646,0.11209693518874964
AOSF623,0.19826497506026391
AOSF598,0.4913455521688432
AOSF566,0.06710049004355582
AOSF536,0.3161212603297716
AOSF496,0.17172886440516832
AOSF642,0.13979654790621
AOSF621,0.3685479072309575
AOSF593,0.08178861106857532
AOSF561,0.17173636410097037
AOSF532,0.14835717450154118
AOSF494,0.3335718531584849
AOSF639,0.05947673026805696
AOSF619,0.1432395683392772
AOSF591,0.37305124451275
AOSF559,0.18519828565184568
AOSF523,0.2034674112172083
AOSF490,0.24995703367805236
AOSF853,0.350014989796894
AOSF819,0.6467322073974222
AOSF795,0.20552332237897025
AOSF761,0.21897099790821956
AOSF726,0.22999485799345504
AOSF683,0.13619522218420704
AOSF851,0.026665745845215603
AOSF817,0.2199505664676788
AOSF787,0.13910027622105814
AOSF756,0.2178522732129574
AOSF721,0.2505739087261733
AOSF672,0.46128788871742954
AOSF848,0.3142300722667545
AOSF811,0.332862009563753
AOSF783,0.31940896075743835
AOSF747,0.3427317995425614
AOSF712,0.16093130865321406
AOSF667,0.4058522750856259
AOSF647,0.24744361801110396
AOSF624,0.08499161594986236
AOSF603,-0.010588160198972945
AOSF567,0.17279049128767904
AOSF543,0.40266030273929276
AOSF497,0.0724236486386266
AOSF645,-0.004780422154985382
AOSF622,0.14334753554139762
AOSF595,-0.033609171249332194
AOSF563,0.0612781128008908
AOSF533,0.3538676558980811
AOSF495,0.1974363956323507
AOSF640,0.19542313357508298
AOSF620,0.05250838062747805
AOSF592,0.16028038721139767
AOSF560,0.15725220770105763
AOSF528,0.13138256741717458
AOSF493,0.17742675042762218
AOSF854,0.3462482096078483
AOSF821,0.4314525593824062
AOSF796,0.19301047114466355
AOSF763,0.14379688488627448
AOSF727,0.09693849755743827
AOSF684,0.07565365131840443
AOSF852,0.021513536764207974
AOSF818,0.15917085128549058
AOSF794,0.0700261887078424
AOSF757,0.10968942479307206
AOSF722,0.027660913827292907
AOSF675,0.1338326438626035
AOSF849,0.05323825101709686
AOSF814,0.1551399765816852
AOSF784,0.12206410121387017
AOSF752,0.18723818618086369
AOSF715,0.050104406185654156
AOSF671,0.27261723218726924
CAON530,-0.0046922915040548616
CAON467,0.33789353704313435
CAON417,0.2595552666893942
CAON1885,0.3136175359925478
CAON1819,0.3746942457928445
CAON1758,0.030297660743564152
CAON513,-0.28059974346749605
CAON462,0.3108126502235887
CAON405,0.14879460393256777
CAON1883,0.0011086855685173962
CAON1815,0.18739210996485478
CAON1752,0.07548285993563424
CAON503,0.20022971938294645
CAON458,0.23925930086435257
CAON395,0.3037782965143692
CAON1881,0.354178800961686
CAON1804,0.18603776086203191
CAON1748,0.16952587182559162
CAON985,0.11817476716101058
CAON934,-0.08472312797746039
CAON850,0.039573891866796974
CAON781,0.0857681497297036
CAON674,0.1699561714364411
CAON591,0.08958494314414835
CAON980,0.0770503408018268
CAON927,0.26733882619217214
CAON846,0.042954336687738966
CAON769,-0.05886353708831051
CAON672,0.061286230103526
CAON582,-0.10502958370218958
CAON974,0.13729869590291893
CAON911,0.16544883111452752
CAON843,0.1917183289070173
CAON739,0.22434034860850446
CAON657,0.18979095631167764
CAON580,0.28689850435143016
CAON533,0.42428731797615105
CAON468,0.3040593306140363
CAON422,0.10640095827630883
CAON1886,0.061013801886237715
CAON1821,0.10674703402868227
CAON1760,0.055029977752785515
CAON522,0.15400163470724934
CAON464,0.19899039091494986
CAON413,0.22351896869168533
CAON1884,0.036731697272874106
CAON1816,0.18255295778822822
CAON1756,0.3422897859012756
CAON511,0.13968623934704147
CAON459,0.04066794588688664
CAON403,0.13938328484750678
CAON1882,-0.029294608871031257
CAON1810,0.11464461382983263
CAON1749,0.06253735932647914
CAON989,0.35352571274269634
CAON935,0.14435052017624286
CAON851,0.09017856713595149
CAON782,0.013862417637783194
CAON677,-0.019316243936999093
CAON592,0.08476288199743875
CAON981,-0.3381780988998423
CAON931,0.04117418428735116
CAON847,0.10182714483438547
CAON779,0.009354167446896239
CAON673,0.0676428581083945
CAON587,0.06089829218797027
CAON978,-0.024749485330142318
CAON914,0.06727299829516148
CAON844,0.09611836147691176
CAON768,0.07411522670478696
CAON658,0.03027098473749905
CAON581,0.10357422070998147
CAON500,0.18455910169158332
CAON452,0.2043066722368844
CAON392,0.369398902718569
CAON1873,0.22875654640437137
CAON1800,0.22343502988639374
CAON1726,-0.01720024568394449
CAON968,0.06260119710012121
CAON907,0.0990587058387585
CAON831,0.13673449024855197
CAON728,0.18159597460133514
CAON640,0.08586144627913084
CAON567,
CAON501,0.20690361479692543
CAON453,0.14535509592008977
CAON394,0.1669415332260377
CAON1879,0.039214978485552915
CAON1803,0.0665566302583843
CAON1743,0.1231295335320696
CAON969,0.26966896682450964
CAON910,-0.04767803567664906
CAON838,-0.02835269244902532
CAON731,0.10981879716523556
CAON649,0.12050153379914559
CAON571,0.13688495078249505
CAXB390,0.2717704170608106
CAXB569,0.23850599617776777
CAXB755,0.40825888407285926
CAXB940,0.25010431650622744
CAXB1122,0.2608325998215449
CAXB1297,0.13979247301204173
CAXB388,0.3085384987086171
CAXB567,0.24062306489008065
CAXB751,0.27393079882208177
CAXB935,0.2804492876475619
CAXB1121,0.26541797897999203
CAXB1296,0.3184469355695946
CAXB387,
CAXB566,0.3130987820448301
CAXB750,0.20527571751198506
CAXB931,0.5805972254151034
CAXB1120,0.04064484267591285
CAXB1294,0.5876969586639432
CAXB385,
CAXB564,0.6970543068278291
CAXB743,
CAXB930,0.23600475851317626
CAXB1117,0.40777964191575905
CAXB1290,0.41849612256636815
CAXB400,
CAXB584,0.3539196383965947
CAXB760,0.2884844907629956
CAXB949,
CAXB1138,0.2980381757309728
CAXB1307,0.5176205836352904
CAXB423,
CAXB589,0.24956005052237445
CAXB766,0.32331252929607207
CAXB960,0.28479392285672656
CAXB1156,0.09536679331777762
CAXB1318,0.21363193675820805
CAXB431,
CAXB599,0.28907925607032714
CAXB779,0.12581506185659524
CAXB979,
CAXB1167,
CAXB1327,0.6848272326742003
CAXB398,0.5263174928511941
CAXB578,0.15564656011101746
CAXB759,0.25481929071511095
CAXB947,0.17389169458395065
CAXB1137,0.13891981210994386
CAXB1306,0.1274245220477045
CAXB418,
CAXB587,0.3525516894317835
CAXB764,
CAXB956,0.19153234312851417
CAXB1147,0.16591279426755295
CAXB1316,0.3172105591294679
CAXB430,0.40069230823631685
CAXB598,0.27150770291864956
CAXB773,0.2144909489647911
CAXB978,0.3414300138821461
CAXB1165,0.3345542018225875
CAXB1326,0.2877527567613763
CAXB397,0.3284341652266249
CAXB576,0.5825947590888111
CAXB758,0.07991321435574268
CAXB945,0.29003169302062837
CAXB1135,0.2456498523536982
CAXB1304,0.20314111469121715
CAXB414,0.33581164092329946
CAXB586,0.18588776097596843
CAXB763,0.19724654870978925
CAXB953,0.14883579119111065
CAXB1146,0.23557800396522155
CAXB1315,0.34880704074631186
CAXB428,0.42659379095565125
CAXB595,0.2490527350860822
CAXB771,0.07133928231852246
CAXB971,0.13708687668177266
CAXB1161,0.144338247516207
CAXB1322,0.2669901459667796
CAXB394,0.07617521979868613
CAXB573,0.3965095492954199
CAXB757,0.17381649265467294
CAXB942,0.12152348414213725
CAXB1127,0.34004781408221213
CAXB1302,0.21314174706825378
CAXB407,0.644983063707225
CAXB585,0.2954196195916843
CAXB762,
CAXB951,
CAXB1144,0.09864359266269952
CAXB1308,
CAXB427,0.5508843253962018
CAXB592,0.2539654294860968
CAXB768,0.19355536762474845
CAXB962,0.5223887090563609
CAXB1158,0.3184099645191944
CAXB1320,0.4591709746962086
CAXB1452,0.19257737827870489
CAXB1617,0.23159170151534783
CAXB1776,0.21043794059044854
CAXB1922,
CAXB2134,0.33403064557312834
CAXB2331,0.31532804699138783
CAXB1459,0.26968681120140325
CAXB1629,0.46222041777206807
CAXB1788,0.7354626901214447
CAXB1934,
CAXB2144,
CAXB2352,0.5685907263645773
CAXB1469,
CAXB1640,
CAXB1795,
CAXB1949,
CAXB2154,
CAXB2362,
CAXB1451,
CAXB1614,0.042930918667957486
CAXB1775,0.09777657917665962
CAXB1921,-0.08218944275041151
CAXB2133,-0.033603277525942186
CAXB2329,0.16847235437757815
CAXB1458,0.07568348423826643
CAXB1628,0.048494581644643604
CAXB1786,0.06924366040234071
CAXB1930,0.09584436900868709
CAXB2141,0.20469864128263254
CAXB2351,0.05205391943105295
CAXB1468,0.16554966212653976
CAXB1638,0.21206933478957232
CAXB1793,0.265033070024928
CAXB1946,0.30098476906538413
CAXB2148,0.6292594109415572
CAXB2356,0.3522886003990722
CAXB1450,
CAXB1612,
CAXB1774,0.16191232656048327
CAXB1919,
CAXB2132,0.16785326079571808
CAXB2326,
CAXB1456,
CAXB1625,0.17999329672716896
CAXB1781,0.39854982585749754
CAXB1924,0.6082996338409292
CAXB2140,0.31648572605532466
CAXB2348,0.39317514375043383
CAXB1461,2.2820232487331005
CAXB1633,-0.058583497153576684
CAXB1791,0.1201888297698893
CAXB1937,
CAXB2147,-0.007032239024128743
CAXB2355,0.10889404977707735
CAXB1449,
CAXB1611,
CAXB1773,
CAXB1918,0.12827407794424897
CAXB2131,0.20839439896275422
CAXB2324,0.2568568308355611
CAXB1453,
CAXB1619,0.35693999527402265
CAXB1777,0.3688216803299825
CAXB1923,
CAXB2138,
CAXB2341,0.2727020467406869
CAXB1460,
CAXB1630,
CAXB1789,
CAXB1936,
CAXB2146,
CAXB2353,
CAXB1486,
CAXB1651,
CAXB1805,
CAXB1966,
CAXB2171,
CAXB2366,
CAXB2503,
CAXB2649,
CAXB2517,
CAXB2655,
CAXB1478,0.03707267408564723
CAXB1648,0.10553490417822894
CAXB1803,0.16080625157424522
CAXB1963,0.13638698739579166
CAXB2164,0.1549789632351826
CAXB2365,0.2634571639240939
CAXB2501,0.13248782279370983
CAXB2648,0.1389774288658321
CAXB2511,0.24365964159148884
CAXB2653,0.22768429497666517
CAXB1473,
CAXB1645,
CAXB1802,0.05789684793772296
CAXB1962,0.03434073614494955
CAXB2162,0.17565194802716347
CAXB2364,0.35623991213124884
CAXB2499,
CAXB2642,
Apal mitochondrial gene,0.10290561203819862
Mfav mitochondrial gene,-0.012840959045688617
CAXB2509,
CAXB2651,
CAXB1471,
CAXB1642,
CAXB1799,0.033610234643711365
CAXB1950,-0.0011953780108482047
CAXB2159,0.053908486473624215
CAXB2363,0.2017927017712112
CAXB2498,
CAXB2641,0.1507384375635494
Apal mitochondrial gene,-0.07798129210103238
Mfav mitochondrial gene,-0.0036746914580530134
CAXB2504,0.15129754949779337
CAXB2650,0.015989077709782088
CAXB2530,
CAXB2666,
CAXB2535,
CAXB2673,
CAXB2528,0.186249416652243
CAXB2664,0.46154430378579814
CAXB2534,0.040293126823882044
CAXB2672,-0.018735586366260503
CAXB2523,
CAXB2661,
CAXB2533,
CAXB2669,
CAXB2519,0.34201659711558224
CAXB2660,0.2617452508575885
CAXB2532,0.08114214196310497
CAXB2668,-0.4040245196012222
AOSF1137,-0.0910278721192657
AOSF1159,-0.023163483352435014
AOSF1183,-0.19206587344177012
AOSF1203,0.05375555227011829
AOSF1229,-0.1087967037540597
AOSF1249,-0.1021445592769
AOSF1139,-0.16916737328104262
AOSF1162,-0.23845184787653884
AOSF1185,0.113634134273088
AOSF1208,-0.04251450672085242
AOSF1231,-0.19705612441993048
AOSF1255,-0.17958096494469997
AOSF1141,-0.2197841879203852
AOSF1167,-0.2727475451781392
AOSF1188,-0.1604734182061279
AOSF1210,-0.027450510886825524
AOSF1233,-0.08791320654114335
AOSF1260,-0.20419299223889104
AOSC865,0.029007007008410766
AOSC958,-0.0761451717309493
AOSF1016,0.09856893390346524
AOSF1053,-0.09243742958770339
AOSF1087,-0.11252562481206091
AOSF1113,-0.0888541807053439
AOSC876,0.006276452718594632
AOSC976,-0.1412845372134963
AOSF1019,-0.07645944203961601
AOSF1064,-0.06399838400413424
AOSF1089,-0.1202743565140634
AOSF1117,-0.02954311693775478
AOSC881,-0.10539207862525347
AOSC980,-0.08663860307636956
AOSF1021,0.0793041049100012
AOSF1068,0.015101919119476564
AOSF1094,0.19330788708205188
AOSF1120,0.11562942845601862
AOSF1136,-0.06219788134790188
AOSF1158,0.10182210001322563
AOSF1181,-0.14636382470561937
AOSF1202,0.08686849966883582
AOSF1227,-0.2926771363624454
AOSF1248,-0.17459249976507898
AOSF1138,-0.12753345557256301
AOSF1161,-0.22915416958249774
AOSF1184,-0.12837795753648193
AOSF1206,-0.22781380194551157
AOSF1230,-0.4158393500172647
AOSF1254,-0.13221204666625272
AOSF1140,-0.33867842539853554
AOSF1165,0.030752376850209304
AOSF1186,-0.14340190150082274
AOSF1209,-0.20472276221822897
AOSF1232,-0.24946989282459697
AOSF1256,-0.3134042486762319
AOSC864,-0.21081804189920533
AOSC957,-0.16108363373586088
AOSF1015,-0.1385117115976608
AOSF1052,-0.13533510736376994
AOSF1085,-0.19869529488857424
AOSF1111,-0.31248490466199064
AOSC871,-0.10148682388040584
AOSC966,-0.1468538464192839
AOSF1018,-0.20276790973958903
AOSF1056,-0.08236373180431447
AOSF1088,0.04415319887973105
AOSF1116,-0.09079580910400765
AOSC877,-0.07489451850936749
AOSC979,-0.052286389248517376
AOSF1020,-0.07471551444356428
AOSF1065,-0.035233352307763484
AOSF1093,0.2598782179047721
AOSF1118,0.0458204668253226
AOSF1144,
AOSF1170,-0.08220722344870307
AOSF1191,0.2049888200237639
AOSF1214,-0.3761687579968573
AOSF1235,-0.15550589976190193
AOSF1263,-0.15533473673827708
AOSF653,-0.1313331370719556
AOSF699,-0.044422905726769935
AOSF736,-0.14361386510621016
AOSF774,-0.15050278124575206
AOSF802,-0.13781399109445766
AOSF832,-0.01644053489330174
AOSF657,-0.011424017179724199
AOSF702,-0.0594712972483529
AOSF738,-0.11115479501933165
AOSF778,-0.19646311243698733
AOSF804,-0.14372067424850443
AOSF834,-0.2062370246061209
AOSC889,0.040703673522438845
AOSC999,-0.05929747297508891
AOSF1023,0.06603887834910441
AOSF1074,-0.17746857497062535
AOSF1096,-0.18419769132964944
AOSF1123,1.1824020642234658
AOSF449,-0.05899954359034522
AOSF509,-0.1579911523632815
AOSF547,-0.10679687022791426
AOSF572,-0.17065226911426462
AOSF608,-0.267145989346336
AOSF630,-0.14953380493678628
AOSF460,-0.14934606862874886
AOSF512,-0.12001416278308173
AOSF550,-0.11693376174093441
AOSF575,-0.09244721725879534
AOSF610,-0.09958757491412762
AOSF634,-0.08485910307354924
AOSF1143,-0.22719483784666306
AOSF1169,1.385000076318215
AOSF1190,-0.5294887571265594
AOSF1212,-0.19985288352631567
AOSF1234,0.011909619675311364
AOSF1262,-0.21354323904705094
AOSF651,-0.32447350647038287
AOSF696,-0.048470664644562046
AOSF735,-0.16659308579594073
AOSF773,-0.14513058523568706
AOSF799,-0.11433585009485726
AOSF827,-0.21249642199274382
AOSF654,0.003407901838642408
AOSF701,0.668299626045382
AOSF737,0.08987151465801914
AOSF775,0.11572094328589849
AOSF803,-0.1192430993566522
AOSF833,-0.1345148418757498
AOSC887,-0.08877846161287652
AOSC987,-0.10398861991024363
AOSF1022,0.33179455895218946
AOSF1073,-0.021981207478736883
AOSF1095,-0.07297194413157143
AOSF1121,0.30471439620304747
AOSF443,0.057442495374487874
AOSF505,-0.12955632483165214
AOSF546,-0.09510495163480291
AOSF570,-0.09024245678318958
AOSF607,-0.040963225582406386
AOSF629,-0.1325589451886648
AOSF453,0.10274778137913286
AOSF510,0.20369220182826012
AOSF549,0.03927135657714203
AOSF573,0.20712246771750195
AOSF609,-0.03687676631982737
AOSF631,-0.008208809996059946
AOSF663,0.13244851457021434
AOSF706,-0.06479694376523995
AOSF744,-0.12650801545327062
AOSF780,-0.13155088660835318
AOSF806,-0.0331390552975088
AOSF841,-0.0648846784579549
AOSF666,-0.09126655831114756
AOSF711,-0.022632800421402338
AOSF746,-0.09118242204925689
AOSF782,0.07904086038353156
AOSF810,-0.36456402683283645
AOSF844,-0.23739676469617105
CAON539,-0.21689935534325475
CAON604,
CAON702,-0.14365355127451884
CAON793,-0.22728127333919754
CAON867,-0.0025717581473422508
CAON941,-0.20570643875308883
AOSF480,0.1766737574513926
AOSF514,-0.006746697090775383
AOSF553,-0.19527036442172624
AOSF581,0.09214158340029845
AOSF614,
AOSF636,0.17190175984914594
AOSF483,-0.23077471921015655
AOSF521,-0.08580116800717545
AOSF557,0.1519427542130522
AOSF589,-0.2896323359482935
AOSF618,-0.2239464489853376
AOSF638,-0.265990376867779
CAON1686,-0.2852632738772954
CAON1770,-0.18155249903199322
CAON1827,-0.12558332417331922
CAON1900,-0.07362197910395146
CAON432,-0.022487035740903008
CAON474,0.024934367590349605
AOSF661,-0.22550006250887936
AOSF703,-0.11253462984660371
AOSF740,-0.1587217647395183
AOSF779,-0.055118787050212545
AOSF805,-0.170840897220642
AOSF836,0.15986892608033515
AOSF665,-0.1368538898275675
AOSF707,-0.13990586929902335
AOSF745,-0.18629812980307733
AOSF781,-0.1663580601593364
AOSF808,-0.2920521855686382
AOSF842,-0.08801373957171574
CAON537,-0.28769396944142184
CAON599,-0.1538939109085831
CAON684,-0.1349044574706409
CAON785,-0.09850449525317587
CAON863,-0.15973065792306448
CAON940,-0.0343171056382538
AOSF468,0.06707269114952925
AOSF513,-0.1797003639339133
AOSF552,-0.19267520037156105
AOSF578,-0.10663715607160548
AOSF613,-0.14633760492032122
AOSF635,-0.204476419761959
AOSF482,-0.06560498317017836
AOSF516,0.10975742846394196
AOSF554,-0.06612007980894966
AOSF584,-0.11855842331968965
AOSF615,0.09832911903804749
AOSF637,-0.10668185349073678
CAON1684,-0.007415072069012815
CAON1767,0.04883500769496932
CAON1824,0.05309795151834396
CAON1899,0.10677597336765764
CAON424,0.14638712140667814
CAON473,0.11979613639821132
CAON549,-0.06261399738841365
CAON609,-0.09841018805618744
CAON710,-0.08103300226553349
CAON810,-0.1277077494860699
CAON877,-0.13753217418736632
CAON947,-0.13974910319531753
CAON560,0.055241939555865836
CAON623,0.024154055293573375
CAON719,0.04352763648034289
CAON819,0.11023974769568277
CAON892,0.1284490178789499
CAON956,-0.17147993911184722
CAON566,-0.145985078427304
CAON637,-0.2526312278827194
CAON723,-0.0742991357534559
CAON830,-0.15933341364144357
CAON901,-0.1390654118214245
CAON958,-0.15364592612854927
CAON1689,-0.22222718803113156
CAON1777,-0.17169509982220368
CAON1838,-0.05662538336283697
CAON1902,-0.19292450606034395
CAON436,0.15601889066857444
CAON483,0.08486479873574031
CAON1706,-0.2510863202897609
CAON1782,-0.2605983323795054
CAON1856,-0.09198722322682676
CAON1914,-0.21720789488224493
CAON442,-0.27073337545104037
CAON491,-0.08674312627320271
CAON1723,-0.049650181324128115
CAON1790,0.1747408672331739
CAON1866,-0.1041685828654064
CAON391,-0.0971394306536353
CAON447,-0.268716747716864
CAON495,-0.07574345146679935
CAON544,-0.09750611303951284
CAON606,-0.12868432552692638
CAON708,-0.19029073864603305
CAON803,-0.26215005884283327
CAON876,-0.1530031576333357
CAON943,-0.1972370119787862
CAON555,-0.2418834881623795
CAON612,-0.24731206879673995
CAON712,0.008722559299866605
CAON812,-0.053920416144641714
CAON886,-0.2052451946592233
CAON948,-0.21529144226982727
CAON561,-0.2812076017177693
CAON634,-0.17653464163171229
CAON721,0.014420854523124216
CAON827,0.15349583058688573
CAON898,-0.20951309768793805
CAON957,-0.0283927502615432
CAON1688,-0.22554066945658127
CAON1772,-0.19016629022351608
CAON1830,-0.1349952395297013
CAON1901,-0.01285550362762922
CAON433,-0.020153923770180382
CAON480,-0.0850654525144608
CAON1699,-0.08709547673148914
CAON1781,0.0005259228244218722
CAON1849,-0.022651274539771126
CAON1906,-0.019340619367643006
CAON440,0.04601894169250229
CAON484,0.23998196374595004
CAON1717,0.14347746427651512
CAON1787,0.12617074170001197
CAON1864,0.3871790649590078
CAON390,0.10546870561285757
CAON446,0.0938131967012756
CAON492,0.02852196139519105
AOSC1093,0.06698560817877516
AOSC1008,0.031667936393603255
AOSB847,-0.0036753336512068964
AOSB668,0.03886997552035204
AOSB513,-0.1304183022933417
AOSB1116,-0.11051616151892636
AOSC1086,0.1032084343257829
AOSB999,-0.17363622309384982
AOSB831,-0.07347236913142706
AOSB657,-0.051672797732487945
AOSB472,-0.24995790845135554
AOSB1111,-0.030639709787530948
AOSC845,0.21380059499754342
AOSC774,0.04413148501082504
AOSC635,-0.09840939147089091
AOSC548,-0.1720407386566239
AOSC470,-0.07134501469506989
AOSC396,-0.19043470581698016
AOSC832,0.2616896763182397
AOSC755,-0.1301956991642879
AOSC625,0.012672983302692035
AOSC535,-0.07395636615603467
AOSC456,-0.08833874883850812
AOSC391,0.17449534475936385
AOSC1094,0.3494049221211541
AOSC1009,0.12164475834198708
AOSB856,-0.060484489167131256
AOSB684,0.01611729815604243
AOSB527,0.1455389803508212
AOSB1124,-0.006464116366318476
AOSC1088,0.17572134030989126
AOSC1006,0.391869208996662
AOSB834,0.004428628630820574
AOSB666,0.23130124862611634
AOSB507,-0.008135783080925798
AOSB1115,0.008295336657377068
AOSC853,0.7770852881106255
AOSC783,0.38245355655487095
AOSC637,0.11215473562668529
AOSC565,0.3626616584186245
AOSC471,0.3898461776879715
AOSC398,0.1977045255046488
AOSC840,0.3725581113433979
AOSC771,0.42130866046245413
AOSC633,0.26563151731983287
AOSC547,0.2476167043305493
AOSC457,0.11134297130149799
AOSC393,0.14171217243970535
AOSC1081,0.087273410870696
AOSB951,-0.10361127177131996
AOSB810,0.019460300974060613
AOSB638,-0.06319387401427565
AOSB448,-0.1433163018291227
AOSB1088,-0.07547343588269192
AOSC1064,-0.07324974144378073
AOSB947,-0.004064094292426048
AOSB771,0.020059493029182113
AOSB596,0.22558895602169102
AOSB442,0.12227210558477819
AOSB1074,-0.11034471351614619
AOSF1402,0.06701323950902255
AOSF1379,
AOSF1357,0.0815771069928735
AOSF1331,0.2799333921290102
AOSF1310,-0.17716304329936047
AOSF1289,0.09679057796542725
AOSC829,-0.08938651889872087
AOSC720,-0.17324762530813015
AOSC616,0.35136041532830403
AOSC518,0.004973802167289878
AOSC448,-0.15288921967501637
AOSC1137,-0.05499931639681795
AOSC822,0.09706415784649505
AOSC713,-0.03487222247219463
AOSC597,-0.11067407299629255
AOSC506,0.06563774168372687
AOSC441,0.0912301969518206
AOSC1134,-0.0374439151451707
AOSF441,0.007738960103796453
AOSF398,0.2706671198884608
AOSF1514,-0.06629042646838423
AOSF1490,-0.03584462802275233
AOSF1464,-0.0050848311624045826
AOSF1434,0.24871579931717416
AOSC1082,-0.03049743833594533
AOSB976,-0.07948737729810448
AOSB827,-0.0015741643166136987
AOSB655,0.23592383895754535
AOSB460,0.13658473236023808
AOSB1100,-0.0013120187933728508
AOSC1075,0.04844340998941379
AOSB949,0.3065326293736698
AOSB788,0.07595057990857956
AOSB632,0.12274648051687302
AOSB445,0.2702062840409621
AOSB1075,-0.059857719710111355
AOSF1403,0.3556266199439454
AOSF1383,-0.06611684948846515
AOSF1358,-0.01777728184202719
AOSF1333,0.12252781645991007
AOSF1311,0.17714573754807003
AOSF1290,0.2516263746634092
AOSC830,0.21010231773087282
AOSC749,0.12900232808577225
AOSC617,0.0396061448330617
AOSC533,0.0951586048811737
AOSC455,0.26606588736788994
AOSC1145,0.2687894197087285
AOSC828,0.1888791991857957
AOSC714,0.23576103898150755
AOSC607,0.3186178655671175
AOSC517,0.1978611157733558
AOSC444,0.17349519885996445
AOSC1136,1.3321516861570968
AOSF442,0.2296278544693044
AOSF399,0.6378784602308903
AOSF1517,0.19577802150093615
AOSF1491,0.2577134322550829
AOSF1465,0.2562744840887999
AOSF1435,0.1535850207569068
AOSF1400,0.17132111732308325
AOSF1376,-0.3133190901757186
AOSF1355,-0.08765917563044956
AOSF1329,0.033654229162143535
AOSF1308,-0.10217819618119005
AOSF1286,-0.05502231591444252
AOSF1398,0.193825074297663
AOSF1374,-0.09494061092009987
AOSF1352,-0.14493619487104287
AOSF1326,0.12271715916610706
AOSF1305,-0.09886282243446393
AOSF1284,-0.0770419589173324
AOSF1396,-0.1505865727683188
AOSF1372,-0.18703683189215017
AOSF1349,-0.2460585809313242
AOSF1323,-0.21161467748276616
AOSF1303,-0.3977058248815924
AOSF1282,-0.015320149011914813
AOSF436,-0.07315351474936511
AOSF392,0.018088513080665905
AOSF1512,-0.1032965827182447
AOSF1487,
AOSF1460,-0.08485622258349165
AOSF1431,0.009061694837397308
AOSF433,-0.007841128872522847
AOSF387,
AOSF1508,0.1779039382628726
AOSF1483,-0.00955247033216511
AOSF1456,0.010485085261126565
AOSF1427,0.052516071130445215
AOSF431,0.07292830421512343
AOSF1532,0.681373685244177
AOSF1503,-0.010915798147838883
AOSF1478,-0.11242316132707664
AOSF1454,0.20093174220175372
AOSF1421,-0.11929337957744693
AOSF1401,-0.049094903416518926
AOSF1378,0.21184446895309342
AOSF1356,0.1184607344775083
AOSF1330,0.07292104026541603
AOSF1309,0.1027015524798159
AOSF1287,-0.12115829219345356
AOSF1399,-0.10009225457739421
AOSF1375,0.21900204001137843
AOSF1354,0.14986581678641064
AOSF1328,-0.04443316503585981
AOSF1307,0.062411959300342525
AOSF1285,0.09558201236504274
AOSF1397,0.04723535913033036
AOSF1373,-0.06854723298648331
AOSF1351,-0.07527961092435594
AOSF1324,0.03630608873622407
AOSF1304,0.01817767076539152
AOSF1283,0.016228748462758607
AOSF437,0.1346959189386501
AOSF397,0.3213812655406421
AOSF1513,
AOSF1488,0.04687264500951672
AOSF1463,0.26515404209162075
AOSF1433,0.1441182131189891
AOSF434,0.2811577998562941
AOSF391,0.5443295136850167
AOSF1511,0.0994099007621841
AOSF1484,0.2019821270149987
AOSF1459,0.422259500127378
AOSF1428,0.5304729296105914
AOSF432,1.9536775334239749
AOSF386,0.1947502921029369
AOSF1505,0.2376047193048903
AOSF1482,0.21524785642649152
AOSF1455,0.21351295008480045
AOSF1424,0.33257780436149587
CAON1188,-0.03385200649549959
CAON1101,0.41957381737034904
CAON1047,-0.3828992616128192
AOSF985,-0.11724470933265344
AOSF939,-0.03660809842361481
AOSF898,-0.15594829993199977
CAON1166,0.08158617357323052
CAON1097,0.3285673898567696
CAON1035,0.04533688810145919
AOSF977,-0.059291331191773426
AOSF936,-0.15729558409256061
AOSF893,-0.09901543806373131
CAON1146,
CAON1091,-0.10312062019219326
CAON1024,0.0722201038498737
AOSF974,-0.11034198065350875
AOSF931,-0.20366551702144706
AOSF882,-0.43694037816056414
CAON1674,-0.429447965369298
CAON1589,-0.0813583752010425
CAON1485,-0.2024205838706459
CAON1400,
CAON1332,-0.08567306892048257
CAON1255,-0.12723182297509184
CAON1667,-0.15377457579052595
CAON1582,0.11474439113558137
CAON1466,0.0270792842527589
CAON1397,-0.059058199270956915
CAON1329,-0.3020171515204908
CAON1248,0.13199647967784955
CAON1646,-0.14998968707259908
CAON1579,0.08922027114261877
CAON1464,-0.08930186068899094
CAON1386,0.17669783366462685
CAON1322,0.01893784952745023
CAON1234,0.0380359718959373
CAON1194,0.2839123811530901
CAON1102,0.18544464518200413
CAON1055,-0.056200297170062447
AOSF987,-0.039201823178781424
AOSF941,-0.12397669811414125
AOSF900,0.16228885664590884
CAON1177,-0.03337649606163441
CAON1098,-0.003566273000567168
CAON1044,0.2231519638352845
AOSF979,0.07726993593141317
AOSF938,-0.05029861111378466
AOSF895,-0.14566979109019068
CAON1150,0.12230433442807236
CAON1092,0.10946212490250429
CAON1026,-0.0888136022323996
AOSF976,0.03208990537413843
AOSF932,-0.009845183940521158
AOSF892,0.27232639986137186
CAON1675,0.8140583323982372
CAON1597,0.22632555507579985
CAON1492,0.14725602904039117
CAON1404,0.15835944692430573
CAON1334,0.19862844207441327
CAON1267,0.2411762641871326
CAON1668,0.36263389837702276
CAON1587,0.20388317278143392
CAON1474,0.1855795441185358
CAON1398,0.2543346140871473
CAON1330,0.3162834171952937
CAON1249,0.38237707450975555
CAON1651,0.2368541964280652
CAON1581,0.12657582384650687
CAON1465,0.18821381882091787
CAON1391,0.06109826898671999
CAON1327,0.2257411053914259
CAON1247,0.14738053208413718
CAON1135,0.006947296715911854
CAON1087,0.11177480260126668
CAON1014,0.02674241365223813
AOSF972,-0.15252162984234016
AOSF925,-0.18941688123940284
AOSF880,-0.18015624161307164
CAOO481,-0.06469442818218059
CAOO2559,-0.036152188984472144
CAOO2373,0.4152100863913763
CAOO2228,-0.01863516833555617
CAOO2050,-0.01765263655913707
CAOO1110,-0.0056000824823237766
CAOO467,-0.02503202268528217
CAOO2543,0.1805846957910542
CAOO2335,-0.2990993082848264
CAOO2219,-0.28738650351756057
CAOO2026,-0.3175719419386596
CAOO1104,0.17654552567499585
CAON1638,0.03586274473633428
CAON1560,-0.20981085644599295
CAON1457,-0.14636345507151377
CAON1380,-0.26570006180127015
CAON1314,-0.3187006584508707
CAON1224,-0.2581589446737638
CAOO882,-0.03705802247333101
CAOO719,-0.09590356761574594
CAOO600,-0.05053689744583937
CAOO982,0.14249572083506637
CAOO865,0.07002134037737914
CAOO703,0.5591764824668837
CAOO587,0.03657184070629334
CAON1143,
CAON1089,-0.10267701107208159
CAON1022,0.17662845589201598
AOSF973,0.03544177013343355
AOSF929,0.6654578498186292
AOSF881,-0.015543468126969212
CAOO484,0.8718150769659984
CAOO2584,0.1912593177572401
CAOO2405,0.05887347666533942
CAOO2241,-0.060261128954253576
CAOO2066,-0.000330781665846282
CAOO1118,0.1949428473659583
CAOO470,0.11555281752216684
CAOO2546,0.023388641351613105
CAOO2358,0.04695241645123562
CAOO2223,0.2299303706761497
CAOO2037,0.0981184524978318
CAOO1106,0.4611828214418079
CAON1644,0.3255631608425284
CAON1567,0.23283363988399297
CAON1459,0.7444630903367898
CAON1381,0.1137504151309512
CAON1315,0.07584366747714821
CAON1226,0.2701618742150351
CAOO884,0.21436910858708355
CAOO723,0.07287875466842814
CAOO615,0.4525122046975067
CAOO986,0.12759123588109916
CAOO871,0.18012640320936676
CAOO714,0.16236419866231375
CAOO594,0.3167055894227854
CAOO450,0.10602358472363402
CAOO2521,-0.022637222908597716
CAOO2317,0.004266218191380417
CAOO2216,-0.07876792474598188
CAOO2009,-0.05004422873400584
CAOO1095,-0.03743564140437846
CAOO417,0.023167691419198395
CAOO2507,
CAOO2309,-0.008446449155013622
CAOO2201,
CAOO1970,0.04797176128178398
CAOO1063,-0.06266781866950519
CAXB443,0.38737230027680314
CAXB613,0.19428208824187793
CAXB794,0.49201793078881784
CAXB985,-0.0769114613204673
CAXB1181,-0.03509412723610481
CAXB1332,0.33010360809378125
CAOO956,0.1905194107904269
CAOO825,-0.09406186369735398
CAOO692,-0.06668528540900837
CAOO580,0.5725351403251361
CAOO933,-0.23439577531657718
CAOO943,-0.08281769416421364
CAOO817,-0.07907864191448946
CAOO669,-0.13549641124753262
CAOO561,0.0018469509924091835
CAXB438,
CAXB611,-0.023337800117721404
CAXB791,
CAXB984,0.45832044493354157
CAXB1179,0.34470687918904064
CAXB1331,0.1463203558903781
CAOO459,0.13340486169046023
CAOO2537,0.13052938757623478
CAOO2330,0.1978813978623535
CAOO2217,-0.034801873281952424
CAOO2018,0.04160859488527553
CAOO1099,0.0806346576285871
CAOO440,0.19906802324519993
CAOO2517,0.03543812467213528
CAOO2312,0.00725164305100664
CAOO2203,0.29711997570088167
CAOO1980,
CAOO1067,
CAXB437,
CAXB609,0.07197580965258493
CAXB789,0.21164007456745984
CAXB983,0.14109282106155616
CAXB1178,0.3013451107545191
CAXB1330,0.25244465535510385
CAOO976,0.21228431771776535
CAOO861,-0.01159158454470582
CAOO693,0.1878119081274515
CAOO582,0.4099098825631645
CAOO948,0.2922088559453985
CAOO823,0.17917527034093167
CAOO686,0.32076051822264745
CAOO572,0.22710365199027094
CAXB432,
CAXB605,0.38010853614137285
CAXB787,0.29881387189528247
CAXB982,0.22782936890256658
CAXB1170,0.7137564934860565
CAXB1329,0.30204885938791687
CAXB450,0.36727204938176694
CAXB620,
CAXB811,-0.09505236716024715
CAXB994,-0.11436864405719604
CAXB1200,
CAXB1352,0.2878474769091675
CAXB458,0.23188334452695014
CAXB632,0.026323387453765123
CAXB822,-0.08868133707185692
CAXB1008,0.3481725422509891
CAXB1207,0.3019589681197459
CAXB1366,0.2528791784023092
CAXB465,0.14300746098869438
CAXB649,0.07745991125864464
CAXB832,-0.07788115497029344
CAXB1014,0.5370100612848947
CAXB1214,0.33000774990571585
CAXB1376,0.3159010589920105
CAXB447,-0.01898469151202981
CAXB619,0.04910709388089276
CAXB810,0.22732044018351433
CAXB993,-0.1780821632477408
CAXB1197,0.3698887254057249
CAXB1341,0.14108243405263737
CAXB457,0.15996455284636157
CAXB631,-0.11982582547991472
CAXB820,0.0391919765961306
CAXB1005,-0.14703368496145328
CAXB1204,0.3664213703050329
CAXB1364,-0.10608798477050528
CAXB462,
CAXB644,0.006540921012533292
CAXB830,0.235608610707475
CAXB1013,0.12662361668592784
CAXB1213,0.22638186229279963
CAXB1374,0.5699304967355295
CAXB446,
CAXB618,0.07934977595059699
CAXB807,0.0636374559733151
CAXB991,0.1100882305368667
CAXB1189,0.25234674792007483
CAXB1337,0.17015278574473286
CAXB456,0.29940684470724366
CAXB624,0.17919669128313018
CAXB815,0.07584706667804035
CAXB999,0.03176151496088907
CAXB1203,
CAXB1359,-0.020672675491248953
CAXB461,0.6706157013175539
CAXB643,
CAXB824,0.22657945758387119
CAXB1011,0.6469188142182168
CAXB1211,0.4746058130211925
CAXB1373,0.8544926437300238
CAXB445,
CAXB614,0.2883059521338498
CAXB801,0.445157333197781
CAXB986,0.7415045492922159
CAXB1188,0.5759191003453386
CAXB1335,0.7273574471275552
CAXB454,0.3942965864753388
CAXB621,0.4520471313937912
CAXB814,0.4866451614929513
CAXB997,0.5803717569019721
CAXB1201,0.5090942965301861
CAXB1357,0.36084008321441774
CAXB459,0.5205370337775094
CAXB634,0.38470612255453124
CAXB823,0.2498038681280247
CAXB1010,0.6719805279558816
CAXB1209,0.2353656339364806
CAXB1369,0.3632006355868488
CAXB1500,0.06086073995027329
CAXB1666,-0.02021752241882893
CAXB1813,0.6817856478619377
CAXB1980,
CAXB2186,-0.04911663713827563
CAXB2373,-0.14908672995315006
CAXB1524,0.2187413438796318
CAXB1675,-0.01872394868329712
CAXB1820,-0.12634928717147667
CAXB1996,-0.013917082791933997
CAXB2200,
CAXB2385,
CAXB1531,-0.14154065397602633
CAXB1685,-0.12430469076684769
CAXB1826,
CAXB2023,-0.21598841966804108
CAXB2208,
CAXB2395,-0.3714024047987441
CAXB1499,-0.2095690332812735
CAXB1661,-0.2568954389189971
CAXB1809,0.7899405320456949
CAXB1979,0.18363494636461317
CAXB2183,-0.13819388577164446
CAXB2371,-0.17528270302617205
CAXB1520,0.06168154948282831
CAXB1674,0.6349629765742485
CAXB1819,0.13579631370461093
CAXB1986,0.4990251006690943
CAXB2197,
CAXB2384,
CAXB1530,
CAXB1683,
CAXB1825,
CAXB2021,0.015456736845050304
CAXB2207,-0.09685818346497896
CAXB2394,
CAXB1498,0.05795211749417185
CAXB1658,0.18543481084969735
CAXB1808,
CAXB1978,0.07265605794085145
CAXB2174,0.06342783486983578
CAXB2370,0.47664360007218803
CAXB1510,0.5588642321565739
CAXB1670,-0.20297109125609927
CAXB1818,0.19579738485542925
CAXB1984,0.33983791278684405
CAXB2193,0.12361687855918442
CAXB2383,0.20399429653747683
CAXB1527,
CAXB1679,
CAXB1824,
CAXB2005,
CAXB2206,
CAXB2390,
CAXB1489,
CAXB1657,
CAXB1806,0.1716726449833347
CAXB1975,0.09189658855745622
CAXB2172,0.2756834335684804
CAXB2369,0.21377248523989545
CAXB1502,
CAXB1669,
CAXB1816,
CAXB1983,0.38406916290970716
CAXB2190,
CAXB2378,
CAXB1525,
CAXB1677,
CAXB1822,
CAXB2002,
CAXB2202,
CAXB2389,0.20704812736094688
CAXB1539,0.18395288852700434
CAXB1693,0.3528275762905089
CAXB1836,-0.11511749307317454
CAXB2034,
CAXB2222,-0.15461848883875337
CAXB2411,0.04161227379919228
CAXB2548,
CAXB2687,
CAXB2557,
CAXB1538,-0.34671174029845214
CAXB1689,-0.18986446358327963
CAXB1834,-0.059504754451299054
CAXB2031,-0.13173567400133906
CAXB2219,-0.17768653615182808
CAXB2402,-0.10129021716375351
CAXB2547,
CAXB2686,
CAXB2553,
CAXB1537,
CAXB1688,
CAXB1833,
CAXB2029,-0.008332972147259988
CAXB2213,0.01001384399710894
CAXB2401,0.4078934652209512
CAXB2544,
CAXB2683,
Apal mitochondrial gene,0.1550066415277294
Mfav mitochondrial gene,0.0020853038110394844
CAXB2552,
CAXB1535,
CAXB1686,
CAXB1832,0.18960414124536318
CAXB2025,0.4942836575995108
CAXB2212,0.45161729715024157
CAXB2397,0.29505251873190236
CAXB2536,
CAXB2679,
Apal mitochondrial gene,0.05124573079618
Mfav mitochondrial gene,0.20434439279208533
CAXB2550,
CAXB2688,
CAXB2563,
CAXB2570,
CAXB2562,
CAXB2567,
CAXB2561,
CAXB2566,
CAXB2559,
CAXB2564,
AOSC1136,0.6763673697033207
AOSC444,-0.23685370896436664
AOSC517,-0.3699127064680409
AOSC607,-0.16638133864510785
AOSC714,-0.21659768080901504
AOSC828,-0.3061194929138249
AOSC1145,-0.22418990266619107
AOSC455,-0.17435306189180155
AOSC533,0.2624551739256188
AOSC617,-0.15970978451576032
AOSC749,-0.17177889279153644
AOSC830,-0.14121865938666714
AOSC393,-0.2734827028765075
AOSC457,-0.3420086941490359
AOSC547,-0.2283265582626102
AOSC633,-0.11521897545390704
AOSC771,-0.2979845828938402
AOSC840,-0.15646575376350322
AOSB1075,-0.3244254692625672
AOSB445,-0.07682322925892639
AOSB632,-0.17008754793179198
AOSB788,-0.161749292326205
AOSB949,0.017622594155055196
AOSC1075,-0.17306515062527522
AOSB1100,-0.23023355301149095
AOSB460,-0.14794313949224278
AOSB655,-0.05237090774495382
AOSB827,-0.19543012759137596
AOSB976,-0.1441653538582014
AOSC1082,-0.23264774241787453
AOSB1115,-0.30590762538985244
AOSB507,-0.296223877743236
AOSB666,0.05853998691427321
AOSB834,-0.22238295825153262
AOSC1006,0.09169750420483984
AOSC1088,-0.18621934332918694
AOSC1134,-0.04466178489180287
AOSC441,-0.11210750139924118
AOSC506,0.21373328323089283
AOSC597,0.008136881573766888
AOSC713,0.06327946928314682
AOSC822,0.023086073327065745
AOSC1137,-0.12862588206905134
AOSC448,-0.20795612350860482
AOSC518,-0.10807827273894156
AOSC616,-0.05863641765615332
AOSC720,0.07200143847669777
AOSC829,0.14133968073096453
AOSC391,0.12138354564062062
AOSC456,0.004282734670059254
AOSC535,-0.03568003558304803
AOSC625,-0.10503133014860579
AOSC755,0.06505412564799944
AOSC832,0.2627941014215739
AOSB1074,0.10239932463720738
AOSB442,0.20800007860946565
AOSB596,0.3706132422170657
AOSB771,0.13920847006653
AOSB947,0.03710547533942742
AOSC1064,0.06637507679493358
AOSB1088,0.07317923092027075
AOSB448,-0.10493223240519513
AOSB638,0.1672909317926232
AOSB810,0.12401795224864216
AOSB951,0.09196671704494941
AOSC1081,0.1646686223719162
AOSB1111,0.14219805998952084
AOSB472,0.03653618584267013
AOSB657,0.18209022747038386
AOSB831,0.17787243958207744
AOSB999,0.14030557860041018
AOSC1086,0.27164636050304447
AOSC398,-0.3398586301473919
AOSC471,-0.27805293438265866
AOSC565,-0.20010446188319947
AOSC637,-0.38061387594842383
AOSC783,-0.22767817644130137
AOSC853,0.20314954745308395
AOSF1424,-0.08450893886960743
AOSF1455,-0.20249682482492548
AOSF1482,-0.31332913105060844
AOSF1505,-0.27571764564110307
AOSF386,-0.3278046002847451
AOSF432,1.671626674016104
AOSF1428,0.5949617639491108
AOSF1459,-0.1688996991264021
AOSF1484,-0.34365012075436113
AOSF1511,-0.3316588603253853
AOSF391,0.004974164890486269
AOSF434,-0.2474701770183457
AOSB1124,-0.17017998793583042
AOSB527,-0.2594499555188889
AOSB684,-0.16966917848404606
AOSB856,-0.1557353380960298
AOSC1009,-0.05836349488193615
AOSC1094,-0.028864581032286132
AOSF1283,-0.2332229661442172
AOSF1304,-0.10329846628932539
AOSF1324,-0.21836271022947407
AOSF1351,-0.15395658212491445
AOSF1373,-0.14096164926671517
AOSF1397,-0.15658601856772023
AOSF1285,0.0917688957031265
AOSF1307,0.11309969054521049
AOSF1328,-0.2236694687168536
AOSF1354,-0.1207949891314558
AOSF1375,0.06915131905360335
AOSF1399,-0.07263448370320098
AOSC396,-0.07054742557703522
AOSC470,-0.2177667777537957
AOSC548,-0.07527828183027338
AOSC635,0.019996777690675586
AOSC774,0.004474470937690932
AOSC845,0.18957041317148324
AOSF1421,-0.1499734975351144
AOSF1454,0.14322649498926912
AOSF1478,-0.11625316957870671
AOSF1503,0.04082647774776058
AOSF1532,1.2421509645365767
AOSF431,0.10384777446814031
AOSF1427,0.16321907522943385
AOSF1456,0.21601853137738525
AOSF1483,-0.09950344468532903
AOSF1508,0.7677857992539056
AOSF387,0.6100538260687357
AOSF433,0.4221744993086969
AOSB1116,0.036221924417889226
AOSB513,0.06666911742329644
AOSB668,0.17732795257588257
AOSB847,0.19611427360566674
AOSC1008,0.10676197961010321
AOSC1093,0.13042148003003376
AOSF1282,0.47876746500580114
AOSF1303,-0.008113893895313464
AOSF1323,0.1384302964728177
AOSF1349,-0.029955711494627106
AOSF1372,0.10910466899613092
AOSF1396,0.036935862602413036
AOSF1284,0.07843616467590672
AOSF1305,0.16507372371752865
AOSF1326,0.4649758937501483
AOSF1352,0.5687762214006776
AOSF1374,0.19161383021775932
AOSF1398,0.21005625612123333
AOSF1433,-0.3400648177519463
AOSF1463,-0.11706074428493403
AOSF1488,-0.3882150875820204
AOSF1513,-0.21102489173151093
AOSF397,-0.21325191058734425
AOSF437,-0.31816732257371877
AOSF1435,-0.43128314439058574
AOSF1465,-0.179344540561248
AOSF1491,-0.3105363798359534
AOSF1517,-0.30486849480237344
AOSF399,0.32546771180510525
AOSF442,-0.306133416479495
CAON1226,-0.27975424847779007
CAON1315,-0.35892426119326676
CAON1381,-0.26208807823160035
CAON1459,0.42089661804512785
CAON1567,-0.14419208897647778
CAON1644,-0.18025838135809696
AOSF1287,-0.32626338897879725
AOSF1309,-0.3423387603231942
AOSF1330,0.03546620601829141
AOSF1356,0.07761726138716528
AOSF1378,0.24867660102892736
AOSF1401,-0.09281920399190705
AOSF1290,-0.06574114318305323
AOSF1311,-0.06290796868584476
AOSF1333,-0.18032322444483154
AOSF1358,-0.16731326990131062
AOSF1383,-0.27117600844916967
AOSF1403,-0.20640643505013118
AOSF881,-0.2310079806732546
AOSF929,0.4586130013378273
AOSF973,0.07226484872471775
CAON1022,-0.08390421573157122
CAON1089,-0.18254551729568091
CAON1143,-0.09444691624848975
AOSF1431,0.04921547785748527
AOSF1460,0.044596616298671655
AOSF1487,0.11158874621324293
AOSF1512,0.0019278423756171517
AOSF392,0.5322754313982291
AOSF436,0.07055449264239233
AOSF1434,0.18151884536418872
AOSF1464,-0.07219491266835527
AOSF1490,0.06427308554293
AOSF1514,-0.02771787572123944
AOSF398,0.7431352559969401
AOSF441,0.1871425877046916
CAON1224,-0.02157435326267677
CAON1314,-0.114071039490445
CAON1380,-0.1877610374092823
CAON1457,0.11772951456376576
CAON1560,0.2445030202330769
CAON1638,0.16565704584784985
AOSF1286,0.27315795839300794
AOSF1308,0.3633914437936157
AOSF1329,0.24104933797686703
AOSF1355,0.13260275795309107
AOSF1376,0.4053150942535471
AOSF1400,0.34579044986681573
AOSF1289,0.3472510067677905
AOSF1310,0.15861579174350116
AOSF1331,0.379689625760901
AOSF1357,0.3022577810260043
AOSF1379,0.5574949740906454
AOSF1402,0.37065422838386564
AOSF880,0.1435911768589685
AOSF925,0.2391044760902596
AOSF972,0.16841926622224357
CAON1014,0.3013553595343178
CAON1087,0.1973913830648634
CAON1135,0.3517029782056382
CAON1247,-0.39313606692507685
CAON1327,-0.198474583649234
CAON1391,-0.4693701685441213
CAON1465,-0.3591286554028815
CAON1581,-0.3007986904368319
CAON1651,-0.29003331744310146
CAON1249,-0.12791645564699117
CAON1330,-0.10852754592149844
CAON1398,-0.22259262298970603
CAON1474,-0.1946371123563371
CAON1587,-0.27404433300853476
CAON1668,-0.2525188099031989
CAON1267,-0.2541863150470796
CAON1334,-0.23946909270531505
CAON1404,-0.2975934862795782
CAON1492,-0.3186140826382283
CAON1597,0.003324408160894324
CAON1675,0.17466818439513238
AOSF892,-0.08261480053629029
AOSF932,-0.25668361662550526
AOSF976,0.05513189061942208
CAON1026,-0.12464356512023679
CAON1092,0.11228134278031446
CAON1150,-0.010979828694185942
AOSF895,-0.23566512196962722
AOSF938,-0.15519209277091794
AOSF979,-0.11159468008077073
CAON1044,0.23369482566350178
CAON1098,0.029723653638717283
CAON1177,-0.09037688188483368
AOSF900,-0.06453472319403428
AOSF941,-0.24619674186839183
AOSF987,-0.13582031396396055
CAON1055,-0.01767562751618588
CAON1102,0.11098392133342647
CAON1194,0.2791908159139757
CAON1234,0.04249806751628255
CAON1322,0.18280997215922778
CAON1386,0.36875074787804
CAON1464,0.21446148152754155
CAON1579,0.22549670581420647
CAON1646,0.130324863898816
CAON1248,0.26162266143378965
CAON1329,-0.008763811612756682
CAON1397,0.09792462424909354
CAON1466,0.13994816844183453
CAON1582,0.3074966034646155
CAON1667,0.025838508284348367
CAON1255,0.1741391730329211
CAON1332,0.15037071881352077
CAON1400,0.5534474280510142
CAON1485,0.07978304900373716
CAON1589,0.2781532681887827
CAON1674,0.0057519719264738
AOSF882,0.14968227895429292
AOSF931,0.4120548660997563
AOSF974,0.35113945221907916
CAON1024,0.5325242943719355
CAON1091,0.19524208227492781
CAON1146,0.40497539091684187
AOSF893,0.15484643408027818
AOSF936,0.31163644240994376
AOSF977,0.16895053666977686
CAON1035,0.33886017715637123
CAON1097,0.4003071992920144
CAON1166,0.1450201922362606
AOSF898,0.1232860586265605
AOSF939,0.39389113516438695
AOSF985,0.2488183643728085
CAON1047,0.20071122866487656
CAON1101,0.8423376233694356
CAON1188,0.1601034694816538
CAOO572,-0.2145625231667911
CAOO686,-0.3976762736837713
CAOO823,-0.25103113085980266
CAOO948,-0.238625649398235
CAOO582,-0.3438214731048847
CAOO693,-0.24565066199090016
CAOO861,-0.5171966569741308
CAOO976,-0.31414329881626596
CAOO594,-0.2702743330828818
CAOO714,-0.2965947558402844
CAOO871,-0.03882937070438795
CAOO986,-0.2643054798372053
CAOO1067,-0.11034958170676142
CAOO1980,-0.14803485007419045
CAOO2203,0.11958939851649038
CAOO2312,-0.13565968458359026
CAOO2517,0.01976126937879927
CAOO440,0.08290359873187172
CAOO1099,0.0012416048886857657
CAOO2018,-0.038093101724730294
CAOO2217,0.026270272857577458
CAOO2330,0.1623969827181791
CAOO2537,0.05714668826438374
CAOO459,0.0480888345618582
CAOO1106,0.221163094246439
CAOO2037,0.06963294445495909
CAOO2223,-0.10268724061423712
CAOO2358,0.03098823261677494
CAOO2546,0.06848905264876108
CAOO470,0.004450543180610162
CAOO561,0.2759882408828665
CAOO669,0.1310397456861863
CAOO817,0.10067587846341366
CAOO943,0.18053670180379944
CAOO933,0.16117894259596954
CAOO580,0.04922097254632811
CAOO692,0.08974450414716646
CAOO825,0.010846844198629092
CAOO956,0.586650190141743
CAOO587,0.10781003727805073
CAOO703,0.8056196556507953
CAOO865,0.13353497317503332
CAOO982,0.2232584477776147
CAOO1063,0.3201574802166199
CAOO1970,0.36903748933929714
CAOO2201,
CAOO2309,0.4973541991848675
CAOO2507,
CAOO417,0.23484827362750052
CAOO1095,0.23500977518611346
CAOO2009,0.21350370855555786
CAOO2216,0.5064258785975153
CAOO2317,0.28470106565021164
CAOO2521,0.5225040704964756
CAOO450,0.2228315496889731
CAOO1104,0.40801439737360923
CAOO2026,0.2140769335830903
CAOO2219,0.15982233976501953
CAOO2335,0.21493215638382
CAOO2543,0.44816856174597425
CAOO467,0.33516906174116584
CAOO615,0.0021647722914671444
CAOO723,-0.4670322998956529
CAOO884,-0.2202067224310511
AOSF1121,0.6159339696779673
AOSF1095,0.24334176236999647
AOSF1073,-0.08049237180403387
AOSF1022,0.8717636752357045
AOSC987,-0.05793225982509209
AOSC887,-0.09444680496014582
AOSF1118,-0.0428653383292957
AOSF1093,0.439115470135707
AOSF1065,-0.051857594958430224
AOSF1020,
AOSC979,-0.026075016533447112
AOSC877,-0.06914998206494141
CAOO1118,-0.1422901819108479
CAOO2066,-0.17047174294024595
CAOO2241,-0.10923731971277274
CAOO2405,-0.01959229479615644
CAOO2584,0.2623877685494875
CAOO484,0.6256984430700426
AOSF1262,0.45850538888674575
AOSF1234,0.5961130691887747
AOSF1212,0.35631655948891916
AOSF1190,0.03159551358852593
AOSF1169,1.9903126227486294
AOSF1143,0.5794900701724076
AOSF1256,0.6008743788026791
AOSF1232,0.4544806445650262
AOSF1209,0.2308298502444406
AOSF1186,0.3322370352939741
AOSF1165,0.799546229528952
AOSF1140,0.3661039861033664
CAOO600,0.15905660987199646
CAOO719,0.028945415310226947
CAOO882,0.1228980611745553
AOSF1123,2.1123427829210146
AOSF1096,0.24868502962654446
AOSF1074,0.46197606204491976
AOSF1023,
AOSC999,0.23034493834775158
AOSC889,0.3886159338401875
AOSF1120,
AOSF1094,
AOSF1068,
AOSF1021,
AOSC980,0.5654845321532768
AOSC881,0.7591993702906834
CAOO1110,0.18973185220523917
CAOO2050,0.14654756158210594
CAOO2228,0.3265944675917719
CAOO2373,0.7374610075479978
CAOO2559,0.28245738620998206
CAOO481,0.5685981363137129
AOSF1263,0.7142545417960331
AOSF1235,0.5617023891193185
AOSF1214,0.5120451627964906
AOSF1191,
AOSF1170,
AOSF1144,0.37991727251374086
AOSF1260,0.43158479891149126
AOSF1233,0.8035251179949269
AOSF1210,0.9064775672448885
AOSF1188,0.4495082807300689
AOSF1167,0.4533125826204044
AOSF1141,1.2108761639255223
AOSF1116,-0.09260203264692271
AOSF1088,0.08257602734889534
AOSF1056,-0.11370332954934002
AOSF1018,-0.11213043798486023
AOSC966,-0.25245245876192374
AOSC871,-0.10642477902981268
AOSF1111,-0.14893194576029486
AOSF1085,-0.1988294762077893
AOSF1052,-0.13089075955465226
AOSF1015,-0.17752284861019485
AOSC957,0.036182388667618394
AOSC864,-0.11737122179780433
AOSF637,0.04981168139550785
AOSF615,0.1150113389716508
AOSF584,-0.10501217726383211
AOSF554,-0.02780563022408381
AOSF516,0.30869357812365833
AOSF482,-0.051748647067403224
AOSF1254,0.300570583721403
AOSF1230,-0.18946957505604384
AOSF1206,
AOSF1184,0.28656403821866205
AOSF1161,0.12718134210593646
AOSF1138,0.5663832022654822
AOSF1248,
AOSF1227,
AOSF1202,0.3572918260315451
AOSF1181,
AOSF1158,0.9288367950528013
AOSF1136,0.22202462269344025
AOSF842,0.25457833483906067
AOSF808,
AOSF781,0.5069592970015966
AOSF745,0.4841072623193901
AOSF707,0.4845414166128716
AOSF665,0.47191072067030493
AOSF1117,0.6546558305002398
AOSF1089,0.6787833802077138
AOSF1064,
AOSF1019,0.6685962914471595
AOSC976,0.21556533277247503
AOSC876,0.421184610311507
AOSF1113,0.35820314618869287
AOSF1087,0.48088183374442844
AOSF1053,0.45649983608631733
AOSF1016,0.46018190079842514
AOSC958,0.49193061207840566
AOSC865,0.5694260775993238
AOSF638,0.2230334473215496
AOSF618,0.273469637609313
AOSF589,0.23564611167499727
AOSF557,0.9626462600667345
AOSF521,0.9479087042717876
AOSF483,0.6611008059231471
AOSF1255,0.36793303661349247
AOSF1231,1.0856300715256963
AOSF1208,
AOSF1185,1.2821336335138303
AOSF1162,0.5399666167627255
AOSF1139,0.5247743564882381
AOSF1249,0.6005279007209621
AOSF1229,1.182258769663375
AOSF1203,0.8847851623281526
AOSF1183,0.47503887478568263
AOSF1159,0.5115578755934872
AOSF1137,0.3751753446107051
AOSF844,0.4758716415703623
AOSF810,0.2811416337725823
AOSF782,0.5237185599641093
AOSF746,0.5543146738991337
AOSF711,0.46741491129621104
AOSF666,0.5028141159022839
AOSF635,0.11796035909498644
AOSF613,-0.21707638897268397
AOSF578,-0.22959859880411262
AOSF552,-0.13323548808535568
AOSF513,0.044721356197369874
AOSF468,0.2852217243217571
AOSF631,-0.0631154201758603
AOSF609,-0.09208020051994917
AOSF573,0.3816648855146455
AOSF549,0.30648035959766917
AOSF510,0.20430078418858308
AOSF453,0.04092714689010313
AOSF629,-0.15449327314328432
AOSF607,-0.22505128273430589
AOSF570,-0.22053705058301643
AOSF546,0.06725740615734188
AOSF505,2.7075626869370777
AOSF443,0.3484854638950934
AOSF836,0.5368332210210676
AOSF805,0.1032277626877743
AOSF779,0.39989723838196667
AOSF740,0.47661091056259514
AOSF703,0.12548541487479828
AOSF661,0.3856384453618955
AOSF833,0.33414658324723373
AOSF803,0.5690228452817049
AOSF775,0.8349817701155952
AOSF737,0.5145763669083737
AOSF701,1.3145164673572758
AOSF654,0.5108933691996227
AOSF827,0.05028438204626582
AOSF799,0.41934849054489465
AOSF773,0.29375226982424407
AOSF735,0.23619877676715983
AOSF696,0.2683573399441705
AOSF651,0.2926928136131945
AOSF636,0.3763896696053838
AOSF614,1.0373344323656553
AOSF581,0.5570558136073613
AOSF553,0.12593602875368518
AOSF514,0.4535498483104815
AOSF480,1.2220097465899735
AOSF634,0.44076425253639
AOSF610,0.4343211890311944
AOSF575,0.05416002227476368
AOSF550,0.3718067306372872
AOSF512,0.42696124385866746
AOSF460,0.2607904561220594
AOSF630,0.18117029803240814
AOSF608,0.08802353619009955
AOSF572,0.2357580775069455
AOSF547,0.23149704656669054
AOSF509,0.7545790298639488
AOSF449,0.6537177330803243
AOSF841,0.8894850160947262
AOSF806,0.8162012454866611
AOSF780,0.609332411047647
AOSF744,0.6597197231608779
AOSF706,0.4512961706759011
AOSF663,0.7515231640744907
AOSF834,0.6383349248445837
AOSF804,0.7020686219470504
AOSF778,0.571759895927895
AOSF738,0.8231304867396121
AOSF702,0.4950828501756852
AOSF657,0.44355983544648936
AOSF832,0.4986531168106496
AOSF802,0.5732867736475343
AOSF774,0.5205302877657452
AOSF736,0.705748629666822
AOSF699,0.47563393416476213
AOSF653,0.5211611445498533
CAON492,-0.08346573516423127
CAON446,-0.020102821636250597
CAON390,-0.09798579102535016
CAON1864,0.01634194733366466
CAON1787,-0.01667183075928719
CAON1717,-0.2558267568156533
CAON484,0.04411641238304143
CAON440,0.0912364319979417
CAON1906,-0.03940727125647788
CAON1849,-0.04189473280912995
CAON1781,0.08723989056385371
CAON1699,0.25105426049953194
CAON480,0.09828524219147544
CAON433,0.41479120713886136
CAON1901,0.43911875786406246
CAON1830,-0.06383829084151417
CAON1772,-0.06082738521420395
CAON1688,-0.12945776564633074
CAON957,0.09688344195925887
CAON898,0.013086565800572205
CAON827,0.23426870005454736
CAON721,
CAON634,0.3927085093916418
CAON561,0.30849063792796994
CAON948,0.17809460485227785
CAON886,0.16587468930921437
CAON812,0.10564044789353133
CAON712,0.34229725191927796
CAON612,0.25325986605829715
CAON555,0.010609122361444456
CAON943,0.41400485019193806
CAON876,0.21089046560244326
CAON803,0.5049963133786428
CAON708,0.21135698799847566
CAON606,0.24926444897156766
CAON544,0.15508515992569277
CAON495,0.708757853723794
CAON447,0.5661955312789769
CAON391,0.31357531883936995
CAON1866,0.2621198757672858
CAON1790,0.8949181858042383
CAON1723,0.7546658525066838
CAON491,0.8527607844825121
CAON442,0.16807135539238757
CAON1914,0.15884677856324875
CAON1856,0.5429850368045003
CAON1782,0.3438392881345295
CAON1706,0.32256291586075697
CAON483,0.4868655711743033
CAON436,0.6344511801377913
CAON1902,0.47481629084250515
CAON1838,0.1578272905187707
CAON1777,0.21578313012929004
CAON1689,0.4162657837558934
CAON958,0.5805585861209333
CAON901,0.4858104239508867
CAON830,0.2595115280826079
CAON723,0.5270381985089325
CAON637,0.3104068823037964
CAON566,0.3896005131126687
CAON956,0.39631492428841825
CAON892,0.6563926038525426
CAON819,0.8018331447806766
CAON719,0.4743387860485781
CAON623,0.3623246108449028
CAON560,0.8362465705176536
CAON947,0.5286311592265778
CAON877,0.48730734695492817
CAON810,0.6425238866933994
CAON710,0.4198635259687091
CAON609,0.42452214883900374
CAON549,0.4322385229977865
CAON473,-0.006421809915166709
CAON424,0.20832605860534711
CAON1899,-0.08828563878382592
CAON1824,-0.01652099188796521
CAON1767,-0.09421949752843606
CAON1684,-0.32207741577712384
CAON940,0.3218200543289892
CAON863,-0.01267573322236103
CAON785,-0.039008973583170244
CAON684,0.11135112239926861
CAON599,0.35586584492873685
CAON537,0.03580259334689144
CAON474,0.4152474446100893
CAON432,0.48271003741700136
CAON1900,0.17824566346043214
CAON1827,0.4256922297725601
CAON1770,0.03842547929229414
CAON1686,0.2575281021154946
CAON941,0.4988086554083448
CAON867,1.000935208467479
CAON793,0.4721591709090829
CAON702,0.47873923941087854
CAON604,0.9967817223517746
CAON539,0.4940093981643852
CAXB486,0.01898623464133212
CAXB663,0.4049833282200568
CAXB853,0.025173487170120076
CAXB1022,0.058353486114193505
CAXB1228,0.23158117978243045
CAXB1383,0.5023836672573622
CAXB485,
CAXB661,0.30472725576368165
CAXB849,0.379551762076878
CAXB1018,0.420283344023979
CAXB1227,
CAXB1380,0.5796965233675767
CAXB483,1.1602355890150997
CAXB660,0.6905379706633197
CAXB838,0.4521677334571177
CAXB1016,0.5156083883157546
CAXB1224,
CAXB1379,0.6923405097008576
CAXB475,
CAXB657,0.6236694071633158
CAXB837,0.6060560483051693
CAXB1015,0.846199665489844
CAXB1216,0.5846014759016567
CAXB1377,0.5784127008269092
CAXB500,
CAXB674,-0.12709857526548002
CAXB861,-0.1105187101865661
CAXB1034,-0.09986296431271827
CAXB1237,-0.30132279746360435
CAXB1388,-0.0742165549580967
CAXB512,0.5190153755634488
CAXB687,-0.10855386473960402
CAXB872,0.04932051105567043
CAXB1049,
CAXB1245,
CAXB1402,0.19424326214127446
CAXB520,0.5155951251098889
CAXB697,0.4782525639349915
CAXB890,0.47888259771312874
CAXB1056,0.32258545247035153
CAXB1258,0.06731329085461243
CAXB1414,0.23741383671711463
CAXB497,0.47283539993941404
CAXB671,0.29254565982136127
CAXB860,0.4118337169328344
CAXB1027,0.2554824952471293
CAXB1233,0.22819695376852417
CAXB1387,0.4796608054045777
CAXB509,0.06971675451233361
CAXB683,0.2771228486731669
CAXB867,0.43207312405388754
CAXB1048,0.9889013211192266
CAXB1241,0.2918836515252378
CAXB1399,0.4633706253429283
CAXB519,0.7381339082098509
CAXB696,0.25266056108188023
CAXB884,
CAXB1054,
CAXB1256,0.5491284466591554
CAXB1411,0.335581654842989
CAXB496,
CAXB666,0.7071273220599295
CAXB856,0.46432364985719554
CAXB1025,0.47828142998498097
CAXB1232,0.4649372180610654
CAXB1386,0.23799999272349834
CAXB507,0.4416569169093212
CAXB680,0.5734244602303711
CAXB866,0.20709964540665243
CAXB1041,
CAXB1240,1.0453058160014965
CAXB1392,
CAXB518,0.561196699367808
CAXB695,
CAXB883,0.7898190636922722
CAXB1053,0.6486576172880508
CAXB1254,0.6990409234765714
CAXB1408,0.7184849764880132
CAXB490,0.64794519205049
CAXB664,
CAXB854,
CAXB1024,0.7565294905195945
CAXB1229,1.073623523846353
CAXB1385,0.6829966996481295
CAXB504,
CAXB676,
CAXB864,0.7965924531742653
CAXB1039,0.731472626607006
CAXB1238,0.5869886109447595
CAXB1391,0.64996765628302
CAXB516,0.6534188621470597
CAXB688,0.6311537754816677
CAXB877,0.7025531658793535
CAXB1050,0.6704571925613192
CAXB1251,0.49589766201859903
CAXB1403,0.6574222541041063
CAXB1545,-0.09774668944953267
CAXB1709,-0.08951504631573336
CAXB1848,-0.12025025810589807
CAXB2039,-0.20868558520198235
CAXB2242,-0.25337188677338635
CAXB2420,-0.21246032020743025
CAXB1554,-0.20061933959425615
CAXB1715,-0.15560729683066338
CAXB1857,-0.15766147970567876
CAXB2050,-0.010412019272549722
CAXB2254,0.0522180240976606
CAXB2440,0.07357733305146712
CAXB1566,0.10106262141018074
CAXB1723,0.09196489829177577
CAXB1874,0.17662262305130272
CAXB2063,0.1320416100523392
CAXB2261,-0.00059870596868987
CAXB2449,-0.01806763220028825
CAXB1544,0.13515441242689605
CAXB1703,0.09406961841154285
CAXB1846,0.12796204125432079
CAXB2037,0.11705632143853847
CAXB2237,
CAXB2417,0.3337178876151754
CAXB1551,0.20428015655870144
CAXB1714,0.3285132264235956
CAXB1855,0.1720421809904232
CAXB2048,0.35521890843617787
CAXB2253,
CAXB2439,0.46129806221517883
CAXB1564,
CAXB1722,
CAXB1868,
CAXB2061,
CAXB2260,
CAXB2445,0.43302412285306247
CAXB1542,0.35323187480084806
CAXB1697,
CAXB1844,0.310120478110128
CAXB2036,0.5666073763045185
CAXB2231,0.48433822317743996
CAXB2415,0.67453598172957
CAXB1548,0.36112934999639607
CAXB1713,0.4010097566553135
CAXB1854,
CAXB2043,
CAXB2251,
CAXB2430,0.698789344975665
CAXB1562,
CAXB1719,0.4118418217283639
CAXB1863,0.36509425996194655
CAXB2059,0.7515553844945926
CAXB2257,0.35885800428407544
CAXB2443,0.6074029580632971
CAXB1541,
CAXB1695,
CAXB1842,
CAXB2035,
CAXB2225,0.8166581972388892
CAXB2412,0.7011866821994811
CAXB1547,0.7641502124199437
CAXB1712,
CAXB1853,
CAXB2041,
CAXB2246,
CAXB2428,
CAXB1555,
CAXB1718,
CAXB1858,
CAXB2051,
CAXB2255,0.4755088298226729
CAXB2442,0.42400440928151545
CAXB1572,-0.14768323343501735
CAXB1731,-0.12580467416202393
CAXB1883,-0.13831338542763644
CAXB2071,-0.0028504798405762305
CAXB2271,0.1596190268127563
CAXB2458,0.17013663315026714
CAXB2579,
CAXB2585,
CAXB1571,0.01974779682116961
CAXB1728,0.16956153995356765
CAXB1878,0.18088043698579676
CAXB2069,0.25789014917417336
CAXB2270,0.018825926046549778
CAXB2456,0.43507659950110417
CAXB2577,0.3082172431112681
CAXB2584,0.29259772026645225
CAXB1570,0.56580896533108
CAXB1727,0.4296077952734557
CAXB1877,0.4222976937630261
CAXB2065,0.43856879318555264
CAXB2267,0.4815665003488586
CAXB2451,
CAXB2574,
Apal mitochondrial gene,0.745363493807084
Apal mitochondrial gene,0.37652959421976534
Mfav mitochondrial gene,0.23594493896860924
CAXB2583,
CAXB1569,0.531493182115552
CAXB1724,0.3395235115130408
CAXB1876,0.7724250298171861
CAXB2064,0.7866222470255244
CAXB2263,0.5407808341410982
CAXB2450,
CAXB2571,
Apal mitochondrial gene,0.6793890853955615
Apal mitochondrial gene,0.3771964971366279
Mfav mitochondrial gene,0.31638575467277996
CAXB2581,0.39311486205251117
CAXB2589,
CAXB2594,
CAXB2588,0.14151981364444952
CAXB2592,0.30551481915708556
CAXB2587,
CAXB2591,
CAXB2586,0.8547643967943406
CAXB2590,0.24193462242077385
AOSF1150,-0.13826459257410645
AOSF1172,0.01827959155796935
AOSF1193,0.16538575289466936
AOSF1217,-0.07801135219517513
AOSF1237,0.14088209873517135
AOSF1265,0.17934978222395506
AOSF1152,-0.18126996615026095
AOSF1174,-0.14215062366103942
AOSF1196,-0.0666955617797609
AOSF1219,-0.0940741929035015
AOSF1240,0.02048852133874562
AOSF1267,0.11943394577563014
AOSF1155,0.19684320982088124
AOSF1176,-0.15094089169321537
AOSF1198,-0.13964911712988393
AOSF1221,0.17666413088335534
AOSF1245,0.20793041168487367
AOSF1269,0.3100522135426912
AOSC896,0.08584132065949746
AOSF1004,-0.012709059858114389
AOSF1025,-0.04683616537679022
AOSF1077,0.2732466068785948
AOSF1099,0.17251650125790038
AOSF1127,0.17319252956399978
AOSC911,0.0007012911639400724
AOSF1007,0.1582974866941179
AOSF1031,inf
AOSF1080,0.5223091054612907
AOSF1104,0.4834701119427559
AOSF1129,0.8335606179881032
AOSC931,0.13379916138452078
AOSF1010,0.2141901501687476
AOSF1036,0.013780124802191537
AOSF1082,0.13835863917344
AOSF1106,0.3420405783806643
AOSF1133,0.1801213909537646
AOSF1147,0.10606407671407826
AOSF1171,0.022168129347617443
AOSF1192,0.1624016497903334
AOSF1216,0.08407640593310867
AOSF1236,0.2818290370439097
AOSF1264,0.4569469475560085
AOSF1151,0.1994555049937648
AOSF1173,0.09926094841444304
AOSF1195,0.3096196172761464
AOSF1218,0.09652751322058815
AOSF1238,0.22959032032932922
AOSF1266,0.19633783150664957
AOSF1154,-5.234168643414523e-05
AOSF1175,0.36271506797656927
AOSF1197,-0.051361680292223794
AOSF1220,0.2363035545198947
AOSF1242,0.12883682000055824
AOSF1268,0.43965707785381264
AOSC890,0.20661749827844048
AOSF1003,0.08986693544026597
AOSF1024,0.16878064847514201
AOSF1075,0.01627594722524458
AOSF1097,0.16088508049163508
AOSF1125,0.1864648957286448
AOSC908,0.427463390354754
AOSF1006,0.13488903398029262
AOSF1028,0.21160998771717288
AOSF1079,0.11301219457839629
AOSF1100,0.18502087491169364
AOSF1128,0.1905549553003547
AOSC914,0.14530573225000137
AOSF1009,0.3448689723359147
AOSF1034,0.13778312932273257
AOSF1081,0.22111276694289395
AOSF1105,0.16747551308285144
AOSF1131,0.17241402312133833
AOSF1157,
AOSF1180,0.17138510998782533
AOSF1200,-0.04114778797449957
AOSF1224,-0.0694261853361349
AOSF1247,0.030031365068824346
AOSF1271,-0.01166146250579404
AOSF671,0.5650419078372698
AOSF715,-0.03108573310876459
AOSF752,0.43054465487588567
AOSF784,0.10184527059110135
AOSF814,-0.06689874803111112
AOSF849,0.02945123648424346
AOSF675,-0.015518360701585831
AOSF722,0.17293364697788785
AOSF757,0.1324222643410601
AOSF794,-0.019966080154756184
AOSF818,0.1389562216114087
AOSF852,-0.10809362326135222
AOSC952,0.5597442783332199
AOSF1012,0.6095467437175195
AOSF1042,0.2472088731232698
AOSF1084,0.022620567708756163
AOSF1110,0.04549546550850181
AOSF1135,0.0696472099418164
AOSF493,0.25303548928823466
AOSF528,0.05486945425152012
AOSF560,0.3651478051490074
AOSF592,0.16339491956632243
AOSF620,0.0162985018751745
AOSF640,0.41086263480358803
AOSF495,0.017940522611306582
AOSF533,0.4110236126269063
AOSF563,0.0021558943303730546
AOSF595,-0.04983123389547653
AOSF622,0.2575732197462628
AOSF645,
AOSF1156,0.2972347881871368
AOSF1178,0.30443899039542155
AOSF1199,-0.0387330671528806
AOSF1222,0.4636291511599944
AOSF1246,0.11460525138302298
AOSF1270,0.48059017662300424
AOSF667,0.6338896024005258
AOSF712,0.21052226170739435
AOSF747,0.2002484524759655
AOSF783,0.5508923107742798
AOSF811,0.4808443751619889
AOSF848,0.8556851438059144
AOSF672,0.7201985660099449
AOSF721,0.21610023085164706
AOSF756,0.45053323793901223
AOSF787,0.10879455633936569
AOSF817,0.17713408853430843
AOSF851,0.03971319676142648
AOSC944,0.4052412697907537
AOSF1011,0.1671992561310947
AOSF1040,-0.026316668319505392
AOSF1083,0.2090616584236335
AOSF1109,0.1779600587418287
AOSF1134,0.06289026133422769
AOSF490,0.21143758876553953
AOSF523,0.29813728132995915
AOSF559,0.1362685121268161
AOSF591,0.5604207808117005
AOSF619,0.177252077568396
AOSF639,0.10922549345625805
AOSF494,0.171965817492485
AOSF532,0.21837307655095983
AOSF561,0.21919790080430357
AOSF593,0.16719189353257707
AOSF621,0.24393695527082124
AOSF642,0.27614033678706074
AOSF684,0.04900671929992672
AOSF727,0.1525555400142715
AOSF763,0.05860427419771406
AOSF796,0.014252368290688266
AOSF821,0.15326196719684734
AOSF854,0.15237071731582955
AOSF695,-0.02564528264469763
AOSF733,0.0014002045934713603
AOSF771,0.040487404553169945
AOSF798,0.167878442293472
AOSF825,0.118263719853614
AOSF860,0.25950575532568015
CAON571,-0.014611679997604363
CAON649,0.016706023743058414
CAON731,0.01891735355794318
CAON838,0.10479323160683741
CAON910,-0.011575146681735524
CAON969,0.35243789800302716
AOSF497,0.11093767812934145
AOSF543,0.4047589291993588
AOSF567,0.05400608261147844
AOSF603,-0.07373847525165027
AOSF624,-0.029310694178696937
AOSF647,0.04523683696445027
AOSF502,0.00534554307127647
AOSF545,0.20681426789894192
AOSF569,-0.021770229203054412
AOSF605,-0.0010433441204311977
AOSF628,-0.03342974866786805
AOSF649,-0.002778855967138955
CAON1743,0.021021468773400845
CAON1803,0.010582672985519818
CAON1879,-0.021996372842919155
CAON394,0.004961537292064818
CAON453,0.16518820764367995
CAON501,0.1000399634548331
AOSF683,0.2072464949753841
AOSF726,0.2719880519263941
AOSF761,0.09134085659346787
AOSF795,0.1934923434644188
AOSF819,0.22065687456029948
AOSF853,
AOSF689,0.14433733649780187
AOSF731,0.005473617451012648
AOSF765,0.25753476239312734
AOSF797,0.34517086037696004
AOSF824,0.385171242623561
AOSF858,0.27147301149170794
CAON567,0.2054045975793736
CAON640,0.14357598320670206
CAON728,0.31760405907664047
CAON831,0.13202907375144013
CAON907,0.10802304201418703
CAON968,0.2476778999033382
AOSF496,0.4375667736810813
AOSF536,0.36186720000567923
AOSF566,0.18428088541440685
AOSF598,0.8493127706318452
AOSF623,0.21614526365369396
AOSF646,0.049736326241748015
AOSF499,0.4265000301766392
AOSF544,0.39240360065742735
AOSF568,0.34141385078207914
AOSF604,0.23037507595976617
AOSF626,0.10912841611562737
AOSF648,0.24847024760967984
CAON1726,0.06230836418506465
CAON1800,0.176744955783228
CAON1873,0.11612715596214808
CAON392,0.23909581399887703
CAON452,0.17849946666477498
CAON500,0.18695403120637547
CAON581,0.07736361314804407
CAON658,-0.1435737354874583
CAON768,-0.05359218782938036
CAON844,-0.03306099953741354
CAON914,0.06919990027506698
CAON978,-0.0335875055362996
CAON587,-0.08446219284018032
CAON673,-0.12581014590211037
CAON779,0.0014834123364992826
CAON847,-0.05302557388556712
CAON931,-0.08723563494312261
CAON981,-0.20676197251480108
CAON592,-0.0011224996286492979
CAON677,-0.011069658141084385
CAON782,-0.08629866825231804
CAON851,0.020779960382020565
CAON935,-0.01855053618225111
CAON989,0.342904492984724
CAON1749,0.05739623987890981
CAON1810,0.20605699673809497
CAON1882,0.08619028084357623
CAON403,0.17841833395348813
CAON459,-0.09159945688119835
CAON511,0.04519642415497449
CAON1756,0.2544025273917017
CAON1816,0.0555106773430658
CAON1884,0.0048703184836619675
CAON413,0.26954531392631365
CAON464,0.13601107636564952
CAON522,0.11567342248012188
CAON1760,-0.010203641428903823
CAON1821,-0.0252230809263138
CAON1886,0.12903174438633402
CAON422,
CAON468,0.07747807532404552
CAON533,0.2661628307476101
CAON580,0.3487305410644755
CAON657,0.04937203765922649
CAON739,0.09246127754397357
CAON843,0.09204448436284253
CAON911,0.2029144707680288
CAON974,0.2020007172912286
CAON582,0.005747487760590173
CAON672,0.006310789183801903
CAON769,0.11486754454727305
CAON846,0.07588266747811201
CAON927,0.17209585269242322
CAON980,0.14992070973875632
CAON591,0.2473498622867405
CAON674,0.2765023478565278
CAON781,0.16768066872344872
CAON850,0.3266554689747678
CAON934,0.11684080785205035
CAON985,0.24271240571604377
CAON1748,0.3331570869870075
CAON1804,0.0034019065711784957
CAON1881,0.2453701683446302
CAON395,0.03901669474553152
CAON458,0.32291549524003577
CAON503,0.28133354361914914
CAON1752,0.019076124953697347
CAON1815,0.1529378314546157
CAON1883,0.09931092363252719
CAON405,0.17482149087939633
CAON462,0.42073198557302816
CAON513,-0.21845542879264973
CAON1758,0.21708528838704425
CAON1819,0.22709451627832805
CAON1885,0.40947106953576723
CAON417,0.15582979089381663
CAON467,0.30499214760978094
CAON530,0.00017025542429721015
AOSC1059,0.6147059224179272
AOSB919,0.037247602870040086
AOSB763,
AOSB589,0.13883734667246952
AOSB407,0.14889470009164277
AOSB1072,0.22352044626258638
AOSC1054,0.17189396856024
AOSB892,0.24992040919109973
AOSB745,0.3098045846861461
AOSB574,0.555204947655228
AOSB404,0.005826040480120978
AOSB1050,0.6386472640777725
AOSC809,0.3165761232206382
AOSC689,0.22779506372212727
AOSC588,0.14250725931669295
AOSC495,0.4644594850166645
AOSC433,0.29067598100095693
AOSC1122,0.5138846281882906
AOSC797,0.25015310038565663
AOSC675,0.3462063985546628
AOSC584,0.11889932129311319
AOSC490,
AOSC420,0.0024804734596913284
AOSC1115,0.45911609342320425
AOSC1063,0.6085299575577495
AOSB923,0.5294997940423884
AOSB764,0.7169694757233024
AOSB594,0.5541915636264171
AOSB437,0.5793625502385804
AOSB1073,0.6566655258841031
AOSC1056,0.3921105647315344
AOSB913,0.5761794355513147
AOSB760,0.6531192123310824
AOSB586,0.5684529040639811
AOSB406,0.37506978699617033
AOSB1061,0.1830925817983297
AOSC820,0.5042716694990252
AOSC708,0.2755180234140413
AOSC596,0.4103827653804981
AOSC499,0.3571649582818773
AOSC436,0.26922756590780544
AOSC1123,0.44135797207799854
AOSC807,0.26902583576980466
AOSC681,0.2558228770268817
AOSC587,0.21564195236248723
AOSC492,0.421397595121146
AOSC422,0.2249755526621437
AOSC1120,0.17977101556713515
AOSC1032,0.015486701546505735
AOSB874,0.16194105353936786
AOSB717,0.0395915494272934
AOSB563,0.049087325543388835
AOSB392,0.2240429314894812
AOSB1020,0.3807283103693979
AOSC1015,0.5772460112663719
AOSB861,0.0953719151653425
AOSB694,0.20966072208603698
AOSB540,0.2950647251308102
AOSB1137,0.15186099534678393
AOSB1002,0.2271956190159813
AOSF1394,0.3380824539816089
AOSF1368,
AOSF1347,0.565368591359358
AOSF1321,0.44270802127458503
AOSF1299,
AOSF1279,
AOSC790,0.34810657844480764
AOSC661,0.2471662500552124
AOSC571,0.06579721574189133
AOSC481,0.40103089471688785
AOSC409,0.0394989914002023
AOSC1104,0.04415670503498397
AOSC785,-0.45669947020433826
AOSC638,-0.03532435356676372
AOSC567,-0.03370821880317594
AOSC475,0.23257162982466678
AOSC401,0.43726275666600023
AOSC1098,0.2576974170076477
AOSF427,
AOSF1530,0.22518033852693392
AOSF1500,0.3930911265655997
AOSF1476,0.2675956775188844
AOSF1452,0.2064448191472716
AOSF1418,0.08314074076269548
AOSC1050,0.33100688437685033
AOSB875,0.17521624957855528
AOSB741,0.8306928614159148
AOSB564,0.13105629410748407
AOSB399,0.2794867920643978
AOSB1028,0.1927730325697566
AOSC1020,0.23505046454647824
AOSB865,0.39456034326629225
AOSB711,0.38948717164463187
AOSB551,0.3715126777530544
AOSB1138,0.20346334654030737
AOSB1012,0.44980828824838665
AOSF1395,0.3756840973222948
AOSF1370,0.5366832247283868
AOSF1348,0.4162049577296856
AOSF1322,0.2840526835676279
AOSF1300,0.275970011390588
AOSF1280,0.7338980563044264
AOSC792,0.14096875603935496
AOSC663,-0.04588989841002654
AOSC580,
AOSC486,0.12808871021410992
AOSC414,0.2403603957580956
AOSC1108,0.4371061737603765
AOSC786,0.2376814405909228
AOSC658,0.3886893992420052
AOSC568,0.1647696910164877
AOSC477,0.39112512309581604
AOSC403,0.3328428629566101
AOSC1103,0.2813286297945621
AOSF428,0.3796431799407822
AOSF1531,0.08938266696130012
AOSF1501,0.31436767684260897
AOSF1477,0.3949327533604734
AOSF1453,0.3047159255901377
AOSF1420,0.25160576384972183
AOSF1389,0.1870286824445491
AOSF1365,0.32683786471581405
AOSF1344,0.801077531078331
AOSF1318,0.035058125955299196
AOSF1296,0.37470932019169717
AOSF1277,0.38680499957181913
AOSF1387,0.6314672682311393
AOSF1363,0.2628858107911169
AOSF1341,0.2787282294261503
AOSF1316,0.31406307990240445
AOSF1294,0.23916055353929022
AOSF1275,
AOSF1384,-0.008461498767787937
AOSF1359,0.12152495038710036
AOSF1337,0.04481529597762118
AOSF1314,0.14323249879278066
AOSF1291,0.10139698991187389
AOSF1272,-0.10655159621257917
AOSF419,0.21305597383063515
AOSF1525,
AOSF1498,0.2639577745615769
AOSF1474,0.24335455772886638
AOSF1447,0.06881030424780465
AOSF1409,0.2042583906562544
AOSF412,0.46093588762674936
AOSF1522,0.6499254505106898
AOSF1494,0.37372425193907627
AOSF1472,0.1880709386161701
AOSF1442,0.3554633889697777
AOSF1406,0.364225989303372
AOSF404,0.07787299654768444
AOSF1520,0.47840943038456757
AOSF1492,0.015205327834328706
AOSF1467,0.10512965470708067
AOSF1437,
AOSF1404,0.0735758185635399
AOSF1392,0.30192719397597334
AOSF1366,0.04152913475098115
AOSF1346,0.34871651130573206
AOSF1319,0.29428249232206133
AOSF1298,0.6004499308048393
AOSF1278,0.3700200543778565
AOSF1388,0.5028882303068107
AOSF1364,0.6056584179865864
AOSF1343,
AOSF1317,0.36349318934587954
AOSF1295,
AOSF1276,
AOSF1385,0.15004256685950387
AOSF1361,1.4199373933984045
AOSF1338,0.040222125910658824
AOSF1315,
AOSF1292,0.3773984015868598
AOSF1273,0.43897764988907306
AOSF420,0.1041503264289116
AOSF1528,0.14883495302786903
AOSF1499,0.016817945227123016
AOSF1475,0.19950794681863512
AOSF1451,0.14852488201496367
AOSF1416,0.19871678276296795
AOSF415,0.4394418118607262
AOSF1524,0.3136541778729526
AOSF1497,0.20381311801916968
AOSF1473,0.7295831775417629
AOSF1445,0.6362993832204192
AOSF1408,0.7244187644441434
AOSF410,0.3145509385575471
AOSF1521,0.8950435474639893
AOSF1493,0.7460724352631991
AOSF1470,0.16876980634290775
AOSF1439,0.28211638378367865
AOSF1405,0.3335117034209193
CAON1128,0.1631349724169247
CAON1074,-0.11148849808426511
CAON1010,-0.0293686899017673
AOSF966,0.049788476880980044
AOSF919,-0.052222111610391364
AOSF877,0.03172893338482398
CAON1120,0.059055466645868526
CAON1067,0.13265779274716868
CAON1001,0.2601865962617738
AOSF964,-0.47072955200751154
AOSF914,-0.21918581214737248
AOSF874,-0.03388515618516257
CAON1111,0.09380093004975637
CAON1064,0.14606151046144544
AOSF996,0.2356638947145165
AOSF961,0.1553971192086072
AOSF912,0.10192274527808684
AOSF868,0.5445703752913618
CAON1631,-0.08432982537799485
CAON1547,0.2063342325420691
CAON1428,0.14447894310062315
CAON1370,-0.08575289627080238
CAON1304,-0.11316032069389967
CAON1213,0.138153059644238
CAON1616,
CAON1525,0.10809215162766328
CAON1420,0.007413388847052657
CAON1363,0.18814271753933812
CAON1300,0.4883019953866887
CAON1209,0.5014642144790151
CAON1606,0.03249485889473838
CAON1503,0.0038130758509927177
CAON1415,-0.011192420888650712
CAON1351,-0.04862595850152712
CAON1282,-0.19885579539260653
CAON1202,0.015400846545208085
CAON1131,0.09335350290278371
CAON1082,0.2553659527507912
CAON1013,0.1322211450982794
AOSF969,0.1063507220030978
AOSF921,-0.008999805977381932
AOSF878,0.03675564077767704
CAON1123,0.13309979661293161
CAON1071,0.20276480814443074
CAON1009,0.1619131144735086
AOSF965,0.387616499814859
AOSF917,0.14719168256622558
AOSF876,0.16489432736322068
CAON1112,0.2169812665797445
CAON1066,0.19531031416588812
AOSF997,1.7648429098772993
AOSF962,0.4041265974729137
AOSF913,-0.02788160510693592
AOSF869,-0.0053284367326518825
CAON1632,-0.05436103841742591
CAON1556,0.6181634009776765
CAON1441,0.046688426140936774
CAON1372,0.07213593063401419
CAON1307,-0.1167469022780975
CAON1217,0.13742345751116128
CAON1625,0.20519956324497632
CAON1533,0.3116905052739717
CAON1421,0.13414488841425995
CAON1369,0.270160803633186
CAON1301,0.29830136863019285
CAON1210,0.11042579258230346
CAON1610,0.21820784217293504
CAON1521,0.1492793129843363
CAON1418,0.18295084376200182
CAON1353,0.14754855689510132
CAON1295,0.2586675370268501
CAON1207,0.2944347190084682
CAON1106,0.3758909423330231
CAON1056,0.010290995373758643
AOSF988,0.2196165256550858
AOSF946,0.4207474551856036
AOSF907,0.474113528304847
AOSF861,0.1797269633655949
CAOO410,0.42389501866822943
CAOO2477,0.07938153133607931
CAOO2290,0.04778902714454731
CAOO2168,0.06325001457520621
CAOO1946,0.1175071316631101
CAOO1050,0.22512081756345653
CAOO387,0.1736177681104214
CAOO2453,-0.03413953204808976
CAOO2270,0.1594857543820652
CAOO2117,0.0332092119360327
CAOO1922,0.31278308305062036
CAOO1015,0.06122962906292535
CAON1599,-0.012211607923783865
CAON1500,
CAON1411,-0.15268750889790608
CAON1341,0.06729078448755398
CAON1268,-0.10986697874736655
CAON1197,0.29717409816936324
CAOO773,
CAOO655,
CAOO532,0.5360592094343859
CAOO916,0.3693949464379038
CAOO750,-0.06185967199008563
CAOO636,0.26467179781898326
CAOO517,0.272796879784062
CAON1109,0.10949840548237355
CAON1062,-0.007587977014377988
AOSF993,0.1826805070896608
AOSF956,0.12383107026537331
AOSF911,0.008725293142699365
AOSF866,0.19310232674223224
CAOO413,
CAOO2479,0.3579281594271378
CAOO2308,0.04515649067570789
CAOO2198,0.26967849022831747
CAOO1963,0.2573784274424739
CAOO1054,0.3301412754727115
CAOO396,
CAOO2473,0.04843272287920369
CAOO2278,0.07843650132269342
CAOO2139,0.02428362663025225
CAOO1931,0.084096195001249
CAOO1045,0.41670787009217747
CAON1605,-0.02235599046802664
CAON1502,-0.06845318734607249
CAON1412,-0.043429057290849664
CAON1349,0.16593138530261922
CAON1273,0.23493957391498912
CAON1200,0.1330093018958068
CAOO788,0.1881154633921619
CAOO667,0.1514048431253768
CAOO541,0.07854662875375663
CAOO931,0.2953114068646178
CAOO755,0.2236590935972443
CAOO642,0.3762002639868749
CAOO526,0.3301073780862221
CAOO2639,0.11971067015981701
CAOO2436,0.5477851378444449
CAOO2250,-0.022082599697866908
CAOO2084,0.01317295898942563
CAOO1134,-0.06989445752274737
CAON996,0.24332891958777098
CAOO2593,
CAOO2411,
CAOO2244,-0.12156227266954361
CAOO2069,-0.009617385226192859
CAOO1119,0.3043939125634385
CAON993,0.17146810951742983
CAXB529,0.742986961494185
CAXB705,0.22960594459694486
CAXB897,0.14520587597002038
CAXB1072,0.46303865773707653
CAXB1267,0.12284238484094112
CAXB1422,0.2183144070756527
CAOO902,-0.007595695316584667
CAOO739,
CAOO626,-0.10156305716738699
CAOO498,
CAOO932,
CAOO887,0.10878786741913458
CAOO732,0.06522634317167553
CAOO618,0.1759690778918103
CAOO487,
CAXB525,0.17964795255076266
CAXB701,0.15646768914112413
CAXB896,0.2173544557208282
CAXB1070,0.026538819318029733
CAXB1262,0.39642470539113095
CAXB1418,
CAOO2671,0.30719682661899045
CAOO2452,-0.05345833485626129
CAOO2259,0.2560829164410993
CAOO2097,0.39594933163874124
CAOO1139,0.16346130174230403
CAON999,0.34660507684897507
CAOO2600,0.23962211841431094
CAOO2426,0.40079273329749937
CAOO2246,0.14955052590077483
CAOO2078,
CAOO1123,
CAON994,
CAXB523,0.3300739477975545
CAXB700,0.3763587327542597
CAXB893,
CAXB1059,
CAXB1260,
CAXB1417,0.5912519505272117
CAOO906,0.5616808743772932
CAOO746,-0.016920949352477694
CAOO633,0.09659186797182358
CAOO513,0.25015545498564035
CAOO888,0.21370000797760264
CAOO736,0.2947043920483144
CAOO620,0.3155131110637196
CAOO493,0.19977499719911773
CAXB522,0.43478751961926315
CAXB698,0.4120875379781851
CAXB891,0.48099879311985716
CAXB1058,0.3705351648214433
CAXB1259,0.5614212029281875
CAXB1415,0.5558486123269503
CAXB540,0.11454702147677248
CAXB710,0.18127054739876033
CAXB911,-0.010717457657611765
CAXB1088,0.00261324780615794
CAXB1276,0.17199410174398666
CAXB1435,0.15372149222871195
CAXB550,0.21268002827659338
CAXB736,0.3415111492368552
CAXB917,0.02761392738400048
CAXB1100,0.2711014740779637
CAXB1283,
CAXB1443,
CAXB563,
CAXB742,
CAXB928,0.22271068131834848
CAXB1114,
CAXB1288,0.00925057736137103
CAXB1448,0.20143959688943275
CAXB538,
CAXB709,
CAXB904,0.3184913049696622
CAXB1086,0.045651944220384114
CAXB1273,0.2304435521578305
CAXB1431,
CAXB544,-0.07309851594670833
CAXB731,0.41656922697081195
CAXB915,0.0441358976625211
CAXB1098,0.2356229088783311
CAXB1281,0.32624312870765576
CAXB1442,0.4799005651026677
CAXB559,0.24179143372773332
CAXB739,-0.35659014052581695
CAXB925,
CAXB1111,
CAXB1286,0.10586037558262297
CAXB1447,-0.0005415776107479126
CAXB534,0.08899900353061202
CAXB708,0.7792419558668928
CAXB901,
CAXB1077,0.14166524690815976
CAXB1271,0.4135301136769329
CAXB1430,0.3913543338249424
CAXB543,0.5151348952696345
CAXB726,0.46802811425721913
CAXB914,
CAXB1095,0.5056222741891531
CAXB1279,0.4776785822818766
CAXB1441,
CAXB557,0.37954331476961384
CAXB738,0.4194101096703023
CAXB924,0.22893715173774518
CAXB1110,0.4568365730566015
CAXB1285,
CAXB1445,0.22388659432324406
CAXB531,0.8982775459270429
CAXB706,
CAXB898,
CAXB1074,
CAXB1269,0.28295046341748775
CAXB1423,0.20908288915162213
CAXB541,0.43349867523068525
CAXB712,0.3617457723685423
CAXB913,
CAXB1093,0.13829460831408313
CAXB1278,0.4137932300419707
CAXB1439,0.4190096360181264
CAXB556,0.04337749275807724
CAXB737,0.28306386876000295
CAXB920,0.16881265027005765
CAXB1101,0.3604309978945619
CAXB1284,0.4219166089257972
CAXB1444,0.34315806472512583
CAXB1578,0.0980151832314605
CAXB1736,0.2218939518896583
CAXB1890,0.17906275805255054
CAXB2084,0.08232217952309405
CAXB2291,0.20534534806992125
CAXB2472,-0.02051716611368597
CAXB1583,0.23079181825750744
CAXB1752,-0.07265218517028782
CAXB1897,
CAXB2098,
CAXB2310,
CAXB2482,-0.18827058016812234
CAXB1593,-0.21495444022149815
CAXB1767,
CAXB1911,
CAXB2113,
CAXB2317,
CAXB2487,-0.15638898480729135
CAXB1575,-0.07744716527849237
CAXB1735,-0.1318881916522943
CAXB1888,-0.12939702706860245
CAXB2080,-0.2583742304123615
CAXB2281,-0.09264155122002532
CAXB2469,-0.1649470398046722
CAXB1582,
CAXB1750,
CAXB1895,0.2164920744959444
CAXB2097,0.41872632006963834
CAXB2305,0.3425710355153759
CAXB2481,0.36728847547846655
CAXB1591,
CAXB1762,
CAXB1907,
CAXB2112,
CAXB2314,
CAXB2486,-0.029420714178306842
CAXB1574,-0.009994521106490932
CAXB1734,-0.015569232306785485
CAXB1886,0.1231142645893673
CAXB2078,0.06446049523659841
CAXB2280,0.23066349763358193
CAXB2468,0.5387212760865477
CAXB1581,-0.08001373845141944
CAXB1749,
CAXB1894,
CAXB2086,0.12873914541164144
CAXB2298,-0.013847094830726272
CAXB2477,0.2516142038351571
CAXB1588,-0.07802848299509019
CAXB1760,-0.14619965835642937
CAXB1903,0.14743688281377645
CAXB2111,0.10441553439086539
CAXB2313,0.1811904604162387
CAXB2484,0.08037933080388901
CAXB1573,0.05610016656572906
CAXB1733,0.28029246080240705
CAXB1885,-0.04624279737397705
CAXB2074,0.2842928425206524
CAXB2274,0.21244072135612943
CAXB2466,0.1795506473405957
CAXB1579,0.18609450996643886
CAXB1747,0.24103243211370132
CAXB1891,0.2909414597262991
CAXB2085,0.47169683184366595
CAXB2294,0.34532008827603
CAXB2473,0.5155922800894525
CAXB1584,
CAXB1759,
CAXB1901,
CAXB2109,0.5161302028374318
CAXB2311,
CAXB2483,0.28988284721054103
CAXB1604,0.0623084472946144
CAXB1772,-0.07171739758772235
CAXB1917,0.21928191053331325
CAXB2125,-0.0024514710746508625
CAXB2322,0.06935370246177652
CAXB2497,0.1271887002908484
CAXB2603,
CAXB2620,
CAXB1601,
CAXB1770,-0.10677607893623094
CAXB1914,-0.017902457346416514
CAXB2120,0.04042796503339826
CAXB2320,0.0012913708086199178
CAXB2493,0.00350741714842789
CAXB2602,
CAXB2619,
CAXB1597,0.6059271402558802
CAXB1769,0.1943069667763641
CAXB1913,-0.05079669909397638
CAXB2117,0.1588355571196323
CAXB2319,0.15922343417375645
CAXB2492,0.16667342706138877
CAXB2601,
Apal mitochondrial gene,0.37624406598382654
Mfav mitochondrial gene,0.02763253280454983
CAXB2618,
CAXB1596,0.16411527009253943
CAXB1768,0.46173299342410634
CAXB1912,0.12155489967575417
CAXB2116,0.16983527983642444
CAXB2318,0.295046094742984
CAXB2491,-0.03343028250535255
CAXB2597,
Apal mitochondrial gene,0.3106198259509848
Mfav mitochondrial gene,0.07981516839069401
CAXB2613,
CAXB2630,
CAXB2640,
CAXB2629,
CAXB2637,
CAXB2628,
CAXB2635,
CAXB2621,
CAXB2631,
